SET statement_timeout = 0;
SET lock_timeout = 0;
SET idle_in_transaction_session_timeout = 0;
SET client_encoding = 'UTF8';
SET standard_conforming_strings = on;
SELECT pg_catalog.set_config('search_path', '', false);
SET check_function_bodies = false;
SET xmloption = content;
SET client_min_messages = warning;
SET row_security = off;

CREATE SCHEMA IF NOT EXISTS workspaces;

SET default_tablespace = '';

CREATE TABLE workspaces.departments (
    id bigint NOT NULL,
    code character varying(255) NOT NULL,
    name character varying(255) NOT NULL
);

ALTER TABLE workspaces.departments ALTER COLUMN id ADD GENERATED BY DEFAULT AS IDENTITY (
    SEQUENCE NAME workspaces.departments_id_seq
    START WITH 1
    INCREMENT BY 1
    NO MINVALUE
    NO MAXVALUE
    CACHE 1
);

CREATE TABLE workspaces.integrations (
    id bigint NOT NULL,
    database character varying(255) NOT NULL,
    errors character varying(1000),
    finished_at timestamp without time zone,
    hostname character varying(255) NOT NULL,
    manager_code bigint NOT NULL,
    password character varying(255) NOT NULL,
    port character varying(255) NOT NULL,
    schema character varying(255) NOT NULL,
    started_at timestamp without time zone NOT NULL,
    supply_ant_id bigint,
    supply_cadastre_id bigint NOT NULL,
    supply_snr_id bigint NOT NULL,
    url_map character varying(255),
    username character varying(255) NOT NULL,
    integration_state_id bigint NOT NULL,
    workspace_id bigint NOT NULL
);

CREATE TABLE workspaces.integrations_histories (
    id bigint NOT NULL,
    created_at timestamp without time zone NOT NULL,
    manager_code bigint,
    user_code bigint,
    user_name character varying(300) NOT NULL,
    integration_id bigint NOT NULL,
    integration_state_id bigint NOT NULL
);

ALTER TABLE workspaces.integrations_histories ALTER COLUMN id ADD GENERATED BY DEFAULT AS IDENTITY (
    SEQUENCE NAME workspaces.integrations_histories_id_seq
    START WITH 1
    INCREMENT BY 1
    NO MINVALUE
    NO MAXVALUE
    CACHE 1
);

ALTER TABLE workspaces.integrations ALTER COLUMN id ADD GENERATED BY DEFAULT AS IDENTITY (
    SEQUENCE NAME workspaces.integrations_id_seq
    START WITH 1
    INCREMENT BY 1
    NO MINVALUE
    NO MAXVALUE
    CACHE 1
);

CREATE TABLE workspaces.integrations_states (
    id bigint NOT NULL,
    description character varying(255),
    name character varying(255) NOT NULL
);

ALTER TABLE workspaces.integrations_states ALTER COLUMN id ADD GENERATED BY DEFAULT AS IDENTITY (
    SEQUENCE NAME workspaces.integrations_states_id_seq
    START WITH 1
    INCREMENT BY 1
    NO MINVALUE
    NO MAXVALUE
    CACHE 1
);

CREATE TABLE workspaces.integrations_stats (
    id bigint NOT NULL,
    ant_records_number bigint,
    cadastre_records_number bigint NOT NULL,
    created_at timestamp without time zone NOT NULL,
    match_number bigint NOT NULL,
    percentage double precision NOT NULL,
    snr_records_number bigint NOT NULL,
    integration_id bigint NOT NULL
);

ALTER TABLE workspaces.integrations_stats ALTER COLUMN id ADD GENERATED BY DEFAULT AS IDENTITY (
    SEQUENCE NAME workspaces.integrations_stats_id_seq
    START WITH 1
    INCREMENT BY 1
    NO MINVALUE
    NO MAXVALUE
    CACHE 1
);

CREATE TABLE workspaces.municipalities (
    id bigint NOT NULL,
    code character varying(255) NOT NULL,
    name character varying(255) NOT NULL,
    department_id bigint NOT NULL
);

ALTER TABLE workspaces.municipalities ALTER COLUMN id ADD GENERATED BY DEFAULT AS IDENTITY (
    SEQUENCE NAME workspaces.municipalities_id_seq
    START WITH 1
    INCREMENT BY 1
    NO MINVALUE
    NO MAXVALUE
    CACHE 1
);

CREATE TABLE workspaces.workspace_managers (
    id bigint NOT NULL,
    manager_code bigint NOT NULL,
    observations character varying(500) NOT NULL,
    start_date date NOT NULL,
    support character varying(1000) NOT NULL,
    workspace_id bigint NOT NULL
);

ALTER TABLE workspaces.workspace_managers ALTER COLUMN id ADD GENERATED BY DEFAULT AS IDENTITY (
    SEQUENCE NAME workspaces.workspace_managers_id_seq
    START WITH 1
    INCREMENT BY 1
    NO MINVALUE
    NO MAXVALUE
    CACHE 1
);

CREATE TABLE workspaces.workspace_operators (
    id bigint NOT NULL,
    created_at timestamp without time zone NOT NULL,
    end_date timestamp without time zone,
    manager_code bigint NOT NULL,
    number_parcels_expected bigint,
    observations character varying(500),
    operator_code bigint NOT NULL,
    start_date timestamp without time zone,
    support character varying(1000) NOT NULL,
    work_area double precision,
    workspace_id bigint NOT NULL
);

ALTER TABLE workspaces.workspace_operators ALTER COLUMN id ADD GENERATED BY DEFAULT AS IDENTITY (
    SEQUENCE NAME workspaces.workspace_operators_id_seq
    START WITH 1
    INCREMENT BY 1
    NO MINVALUE
    NO MAXVALUE
    CACHE 1
);

CREATE TABLE workspaces.workspaces (
    id bigint NOT NULL,
    created_at timestamp without time zone NOT NULL,
    is_active boolean,
    updated_at timestamp without time zone,
    municipality_id bigint NOT NULL,
    workspace_id bigint
);

ALTER TABLE workspaces.workspaces ALTER COLUMN id ADD GENERATED BY DEFAULT AS IDENTITY (
    SEQUENCE NAME workspaces.workspaces_id_seq
    START WITH 1
    INCREMENT BY 1
    NO MINVALUE
    NO MAXVALUE
    CACHE 1
);

INSERT INTO workspaces.departments VALUES (5, '05', 'ANTIOQUIA');
INSERT INTO workspaces.departments VALUES (6, '08', 'ATLÁNTICO');
INSERT INTO workspaces.departments VALUES (7, '11', 'BOGOTÁ, D.C.');
INSERT INTO workspaces.departments VALUES (8, '13', 'BOLÍVAR');
INSERT INTO workspaces.departments VALUES (9, '15', 'BOYACÁ');
INSERT INTO workspaces.departments VALUES (10, '17', 'CALDAS');
INSERT INTO workspaces.departments VALUES (11, '18', 'CAQUETÁ');
INSERT INTO workspaces.departments VALUES (12, '19', 'CAUCA');
INSERT INTO workspaces.departments VALUES (13, '20', 'CESAR');
INSERT INTO workspaces.departments VALUES (14, '23', 'CÓRDOBA');
INSERT INTO workspaces.departments VALUES (15, '25', 'CUNDINAMARCA');
INSERT INTO workspaces.departments VALUES (16, '27', 'CHOCÓ');
INSERT INTO workspaces.departments VALUES (17, '41', 'HUILA');
INSERT INTO workspaces.departments VALUES (18, '44', 'LA GUAJIRA');
INSERT INTO workspaces.departments VALUES (19, '47', 'MAGDALENA');
INSERT INTO workspaces.departments VALUES (20, '50', 'META');
INSERT INTO workspaces.departments VALUES (21, '52', 'NARIÑO');
INSERT INTO workspaces.departments VALUES (22, '54', 'NORTE DE SANTANDER');
INSERT INTO workspaces.departments VALUES (23, '63', 'QUINDÍO');
INSERT INTO workspaces.departments VALUES (24, '66', 'RISARALDA');
INSERT INTO workspaces.departments VALUES (25, '68', 'SANTANDER');
INSERT INTO workspaces.departments VALUES (26, '70', 'SUCRE');
INSERT INTO workspaces.departments VALUES (27, '73', 'TOLIMA');
INSERT INTO workspaces.departments VALUES (28, '76', 'VALLE DEL CAUCA');
INSERT INTO workspaces.departments VALUES (29, '81', 'ARAUCA');
INSERT INTO workspaces.departments VALUES (30, '85', 'CASANARE');
INSERT INTO workspaces.departments VALUES (31, '86', 'PUTUMAYO');
INSERT INTO workspaces.departments VALUES (32, '88', 'ARCHIPIÉLAGO DE SAN ANDRÉS, PROVIDENCIA Y SANTA CATALINA');
INSERT INTO workspaces.departments VALUES (33, '91', 'AMAZONAS');
INSERT INTO workspaces.departments VALUES (34, '94', 'GUAINÍA');
INSERT INTO workspaces.departments VALUES (35, '95', 'GUAVIARE');
INSERT INTO workspaces.departments VALUES (36, '97', 'VAUPÉS');
INSERT INTO workspaces.departments VALUES (37, '99', 'VICHADA');

INSERT INTO workspaces.integrations_states VALUES (1, 'La integración ha iniciado de forma automática.', 'INICIADA AUTOMÁTICA');
INSERT INTO workspaces.integrations_states VALUES (2, 'La integración ha finalizado de forma automática.', 'FINALIZADA AUTOMÁTICA');
INSERT INTO workspaces.integrations_states VALUES (3, 'La integración ha iniciado de forma asistida.', 'INICIADA ASISTIDA');
INSERT INTO workspaces.integrations_states VALUES (4, 'La integración ha finalizado de forma asistida.', 'FINALIZADA ASISTIDA');
INSERT INTO workspaces.integrations_states VALUES (5, 'Se esta generando un producto.', 'GENERANDO PRODUCTO');
INSERT INTO workspaces.integrations_states VALUES (6, 'Se ha generado ya un producto.', 'PRODUCTO GENERADO');
INSERT INTO workspaces.integrations_states VALUES (7, 'Ha ocurrido un error realizando la integración.', 'ERROR REALIZANDO INTEGRACIÓN AUTOMÁTICA');
INSERT INTO workspaces.integrations_states VALUES (8, 'Ha ocurrido un error realizando la integración.', 'ERROR GENERANDO PRODUCTO');

INSERT INTO workspaces.municipalities VALUES (11, '05001', 'MEDELLÍN', 5);
INSERT INTO workspaces.municipalities VALUES (12, '05002', 'ABEJORRAL', 5);
INSERT INTO workspaces.municipalities VALUES (13, '05004', 'ABRIAQUÍ', 5);
INSERT INTO workspaces.municipalities VALUES (14, '05021', 'ALEJANDRÍA', 5);
INSERT INTO workspaces.municipalities VALUES (15, '05030', 'AMAGÁ', 5);
INSERT INTO workspaces.municipalities VALUES (16, '05031', 'AMALFI', 5);
INSERT INTO workspaces.municipalities VALUES (17, '05034', 'ANDES', 5);
INSERT INTO workspaces.municipalities VALUES (18, '05036', 'ANGELÓPOLIS', 5);
INSERT INTO workspaces.municipalities VALUES (19, '05038', 'ANGOSTURA', 5);
INSERT INTO workspaces.municipalities VALUES (20, '05040', 'ANORÍ', 5);
INSERT INTO workspaces.municipalities VALUES (21, '05042', 'SANTA FÉ DE ANTIOQUIA', 5);
INSERT INTO workspaces.municipalities VALUES (22, '05044', 'ANZÁ', 5);
INSERT INTO workspaces.municipalities VALUES (23, '05045', 'APARTADÓ', 5);
INSERT INTO workspaces.municipalities VALUES (24, '05051', 'ARBOLETES', 5);
INSERT INTO workspaces.municipalities VALUES (25, '05055', 'ARGELIA', 5);
INSERT INTO workspaces.municipalities VALUES (26, '05059', 'ARMENIA', 5);
INSERT INTO workspaces.municipalities VALUES (27, '05079', 'BARBOSA', 5);
INSERT INTO workspaces.municipalities VALUES (28, '05086', 'BELMIRA', 5);
INSERT INTO workspaces.municipalities VALUES (29, '05088', 'BELLO', 5);
INSERT INTO workspaces.municipalities VALUES (30, '05091', 'BETANIA', 5);
INSERT INTO workspaces.municipalities VALUES (31, '05093', 'BETULIA', 5);
INSERT INTO workspaces.municipalities VALUES (32, '05101', 'CIUDAD BOLÍVAR', 5);
INSERT INTO workspaces.municipalities VALUES (33, '05107', 'BRICEÑO', 5);
INSERT INTO workspaces.municipalities VALUES (34, '05113', 'BURITICÁ', 5);
INSERT INTO workspaces.municipalities VALUES (35, '05120', 'CÁCERES', 5);
INSERT INTO workspaces.municipalities VALUES (36, '05125', 'CAICEDO', 5);
INSERT INTO workspaces.municipalities VALUES (37, '05129', 'CALDAS', 5);
INSERT INTO workspaces.municipalities VALUES (38, '05134', 'CAMPAMENTO', 5);
INSERT INTO workspaces.municipalities VALUES (39, '05138', 'CAÑASGORDAS', 5);
INSERT INTO workspaces.municipalities VALUES (40, '05142', 'CARACOLÍ', 5);
INSERT INTO workspaces.municipalities VALUES (41, '05145', 'CARAMANTA', 5);
INSERT INTO workspaces.municipalities VALUES (42, '05147', 'CAREPA', 5);
INSERT INTO workspaces.municipalities VALUES (43, '05148', 'EL CARMEN DE VIBORAL', 5);
INSERT INTO workspaces.municipalities VALUES (44, '05150', 'CAROLINA', 5);
INSERT INTO workspaces.municipalities VALUES (45, '05154', 'CAUCASIA', 5);
INSERT INTO workspaces.municipalities VALUES (46, '05172', 'CHIGORODÓ', 5);
INSERT INTO workspaces.municipalities VALUES (47, '05190', 'CISNEROS', 5);
INSERT INTO workspaces.municipalities VALUES (48, '05197', 'COCORNÁ', 5);
INSERT INTO workspaces.municipalities VALUES (49, '05206', 'CONCEPCIÓN', 5);
INSERT INTO workspaces.municipalities VALUES (50, '05209', 'CONCORDIA', 5);
INSERT INTO workspaces.municipalities VALUES (51, '05212', 'COPACABANA', 5);
INSERT INTO workspaces.municipalities VALUES (52, '05234', 'DABEIBA', 5);
INSERT INTO workspaces.municipalities VALUES (53, '05237', 'DONMATÍAS', 5);
INSERT INTO workspaces.municipalities VALUES (54, '05240', 'EBÉJICO', 5);
INSERT INTO workspaces.municipalities VALUES (55, '05250', 'EL BAGRE', 5);
INSERT INTO workspaces.municipalities VALUES (56, '05264', 'ENTRERRÍOS', 5);
INSERT INTO workspaces.municipalities VALUES (57, '05266', 'ENVIGADO', 5);
INSERT INTO workspaces.municipalities VALUES (58, '05282', 'FREDONIA', 5);
INSERT INTO workspaces.municipalities VALUES (59, '05284', 'FRONTINO', 5);
INSERT INTO workspaces.municipalities VALUES (60, '05306', 'GIRALDO', 5);
INSERT INTO workspaces.municipalities VALUES (61, '05308', 'GIRARDOTA', 5);
INSERT INTO workspaces.municipalities VALUES (62, '05310', 'GÓMEZ PLATA', 5);
INSERT INTO workspaces.municipalities VALUES (63, '05313', 'GRANADA', 5);
INSERT INTO workspaces.municipalities VALUES (64, '05315', 'GUADALUPE', 5);
INSERT INTO workspaces.municipalities VALUES (65, '05318', 'GUARNE', 5);
INSERT INTO workspaces.municipalities VALUES (66, '05321', 'GUATAPÉ', 5);
INSERT INTO workspaces.municipalities VALUES (67, '05347', 'HELICONIA', 5);
INSERT INTO workspaces.municipalities VALUES (68, '05353', 'HISPANIA', 5);
INSERT INTO workspaces.municipalities VALUES (69, '05360', 'ITAGÜÍ', 5);
INSERT INTO workspaces.municipalities VALUES (70, '05361', 'ITUANGO', 5);
INSERT INTO workspaces.municipalities VALUES (71, '05364', 'JARDÍN', 5);
INSERT INTO workspaces.municipalities VALUES (72, '05368', 'JERICÓ', 5);
INSERT INTO workspaces.municipalities VALUES (73, '05376', 'LA CEJA', 5);
INSERT INTO workspaces.municipalities VALUES (74, '05380', 'LA ESTRELLA', 5);
INSERT INTO workspaces.municipalities VALUES (75, '05390', 'LA PINTADA', 5);
INSERT INTO workspaces.municipalities VALUES (76, '05400', 'LA UNIÓN', 5);
INSERT INTO workspaces.municipalities VALUES (77, '05411', 'LIBORINA', 5);
INSERT INTO workspaces.municipalities VALUES (78, '05425', 'MACEO', 5);
INSERT INTO workspaces.municipalities VALUES (79, '05440', 'MARINILLA', 5);
INSERT INTO workspaces.municipalities VALUES (80, '05467', 'MONTEBELLO', 5);
INSERT INTO workspaces.municipalities VALUES (81, '05475', 'MURINDÓ', 5);
INSERT INTO workspaces.municipalities VALUES (82, '05480', 'MUTATÁ', 5);
INSERT INTO workspaces.municipalities VALUES (83, '05483', 'NARIÑO', 5);
INSERT INTO workspaces.municipalities VALUES (84, '05490', 'NECOCLÍ', 5);
INSERT INTO workspaces.municipalities VALUES (85, '05495', 'NECHÍ', 5);
INSERT INTO workspaces.municipalities VALUES (86, '05501', 'OLAYA', 5);
INSERT INTO workspaces.municipalities VALUES (87, '05541', 'PEÑOL', 5);
INSERT INTO workspaces.municipalities VALUES (88, '05543', 'PEQUE', 5);
INSERT INTO workspaces.municipalities VALUES (89, '05576', 'PUEBLORRICO', 5);
INSERT INTO workspaces.municipalities VALUES (90, '05579', 'PUERTO BERRÍO', 5);
INSERT INTO workspaces.municipalities VALUES (91, '05585', 'PUERTO NARE', 5);
INSERT INTO workspaces.municipalities VALUES (92, '05591', 'PUERTO TRIUNFO', 5);
INSERT INTO workspaces.municipalities VALUES (93, '05604', 'REMEDIOS', 5);
INSERT INTO workspaces.municipalities VALUES (94, '05607', 'RETIRO', 5);
INSERT INTO workspaces.municipalities VALUES (95, '05615', 'RIONEGRO', 5);
INSERT INTO workspaces.municipalities VALUES (96, '05628', 'SABANALARGA', 5);
INSERT INTO workspaces.municipalities VALUES (97, '05631', 'SABANETA', 5);
INSERT INTO workspaces.municipalities VALUES (98, '05642', 'SALGAR', 5);
INSERT INTO workspaces.municipalities VALUES (99, '05647', 'SAN ANDRÉS DE CUERQUÍA', 5);
INSERT INTO workspaces.municipalities VALUES (100, '05649', 'SAN CARLOS', 5);
INSERT INTO workspaces.municipalities VALUES (101, '05652', 'SAN FRANCISCO', 5);
INSERT INTO workspaces.municipalities VALUES (102, '05656', 'SAN JERÓNIMO', 5);
INSERT INTO workspaces.municipalities VALUES (103, '05658', 'SAN JOSÉ DE LA MONTAÑA', 5);
INSERT INTO workspaces.municipalities VALUES (104, '05659', 'SAN JUAN DE URABÁ', 5);
INSERT INTO workspaces.municipalities VALUES (105, '05660', 'SAN LUIS', 5);
INSERT INTO workspaces.municipalities VALUES (106, '05664', 'SAN PEDRO DE LOS MILAGROS', 5);
INSERT INTO workspaces.municipalities VALUES (107, '05665', 'SAN PEDRO DE URABÁ', 5);
INSERT INTO workspaces.municipalities VALUES (108, '05667', 'SAN RAFAEL', 5);
INSERT INTO workspaces.municipalities VALUES (109, '05670', 'SAN ROQUE', 5);
INSERT INTO workspaces.municipalities VALUES (110, '05674', 'SAN VICENTE FERRER', 5);
INSERT INTO workspaces.municipalities VALUES (111, '05679', 'SANTA BÁRBARA', 5);
INSERT INTO workspaces.municipalities VALUES (112, '05686', 'SANTA ROSA DE OSOS', 5);
INSERT INTO workspaces.municipalities VALUES (113, '05690', 'SANTO DOMINGO', 5);
INSERT INTO workspaces.municipalities VALUES (114, '05697', 'EL SANTUARIO', 5);
INSERT INTO workspaces.municipalities VALUES (115, '05736', 'SEGOVIA', 5);
INSERT INTO workspaces.municipalities VALUES (116, '05756', 'SONSÓN', 5);
INSERT INTO workspaces.municipalities VALUES (117, '05761', 'SOPETRÁN', 5);
INSERT INTO workspaces.municipalities VALUES (118, '05789', 'TÁMESIS', 5);
INSERT INTO workspaces.municipalities VALUES (119, '05790', 'TARAZÁ', 5);
INSERT INTO workspaces.municipalities VALUES (120, '05792', 'TARSO', 5);
INSERT INTO workspaces.municipalities VALUES (121, '05809', 'TITIRIBÍ', 5);
INSERT INTO workspaces.municipalities VALUES (122, '05819', 'TOLEDO', 5);
INSERT INTO workspaces.municipalities VALUES (123, '05837', 'TURBO', 5);
INSERT INTO workspaces.municipalities VALUES (124, '05842', 'URAMITA', 5);
INSERT INTO workspaces.municipalities VALUES (125, '05847', 'URRAO', 5);
INSERT INTO workspaces.municipalities VALUES (126, '05854', 'VALDIVIA', 5);
INSERT INTO workspaces.municipalities VALUES (127, '05856', 'VALPARAÍSO', 5);
INSERT INTO workspaces.municipalities VALUES (128, '05858', 'VEGACHÍ', 5);
INSERT INTO workspaces.municipalities VALUES (129, '05861', 'VENECIA', 5);
INSERT INTO workspaces.municipalities VALUES (130, '05873', 'VIGÍA DEL FUERTE', 5);
INSERT INTO workspaces.municipalities VALUES (131, '05885', 'YALÍ', 5);
INSERT INTO workspaces.municipalities VALUES (132, '05887', 'YARUMAL', 5);
INSERT INTO workspaces.municipalities VALUES (133, '05890', 'YOLOMBÓ', 5);
INSERT INTO workspaces.municipalities VALUES (134, '05893', 'YONDÓ', 5);
INSERT INTO workspaces.municipalities VALUES (135, '05895', 'ZARAGOZA', 5);
INSERT INTO workspaces.municipalities VALUES (136, '08001', 'BARRANQUILLA', 6);
INSERT INTO workspaces.municipalities VALUES (137, '08078', 'BARANOA', 6);
INSERT INTO workspaces.municipalities VALUES (138, '08137', 'CAMPO DE LA CRUZ', 6);
INSERT INTO workspaces.municipalities VALUES (139, '08141', 'CANDELARIA', 6);
INSERT INTO workspaces.municipalities VALUES (140, '08296', 'GALAPA', 6);
INSERT INTO workspaces.municipalities VALUES (141, '08372', 'JUAN DE ACOSTA', 6);
INSERT INTO workspaces.municipalities VALUES (142, '08421', 'LURUACO', 6);
INSERT INTO workspaces.municipalities VALUES (143, '08433', 'MALAMBO', 6);
INSERT INTO workspaces.municipalities VALUES (144, '08436', 'MANATÍ', 6);
INSERT INTO workspaces.municipalities VALUES (145, '08520', 'PALMAR DE VARELA', 6);
INSERT INTO workspaces.municipalities VALUES (146, '08549', 'PIOJÓ', 6);
INSERT INTO workspaces.municipalities VALUES (147, '08558', 'POLONUEVO', 6);
INSERT INTO workspaces.municipalities VALUES (148, '08560', 'PONEDERA', 6);
INSERT INTO workspaces.municipalities VALUES (149, '08573', 'PUERTO COLOMBIA', 6);
INSERT INTO workspaces.municipalities VALUES (150, '08606', 'REPELÓN', 6);
INSERT INTO workspaces.municipalities VALUES (151, '08634', 'SABANAGRANDE', 6);
INSERT INTO workspaces.municipalities VALUES (152, '08638', 'SABANALARGA', 6);
INSERT INTO workspaces.municipalities VALUES (153, '08675', 'SANTA LUCÍA', 6);
INSERT INTO workspaces.municipalities VALUES (154, '08685', 'SANTO TOMÁS', 6);
INSERT INTO workspaces.municipalities VALUES (155, '08758', 'SOLEDAD', 6);
INSERT INTO workspaces.municipalities VALUES (156, '08770', 'SUAN', 6);
INSERT INTO workspaces.municipalities VALUES (157, '08832', 'TUBARÁ', 6);
INSERT INTO workspaces.municipalities VALUES (158, '08849', 'USIACURÍ', 6);
INSERT INTO workspaces.municipalities VALUES (159, '11001', 'BOGOTÁ, D.C.', 7);
INSERT INTO workspaces.municipalities VALUES (160, '13001', 'CARTAGENA DE INDIAS', 8);
INSERT INTO workspaces.municipalities VALUES (161, '13006', 'ACHÍ', 8);
INSERT INTO workspaces.municipalities VALUES (162, '13030', 'ALTOS DEL ROSARIO', 8);
INSERT INTO workspaces.municipalities VALUES (163, '13042', 'ARENAL', 8);
INSERT INTO workspaces.municipalities VALUES (164, '13052', 'ARJONA', 8);
INSERT INTO workspaces.municipalities VALUES (165, '13062', 'ARROYOHONDO', 8);
INSERT INTO workspaces.municipalities VALUES (166, '13074', 'BARRANCO DE LOBA', 8);
INSERT INTO workspaces.municipalities VALUES (167, '13140', 'CALAMAR', 8);
INSERT INTO workspaces.municipalities VALUES (168, '13160', 'CANTAGALLO', 8);
INSERT INTO workspaces.municipalities VALUES (169, '13188', 'CICUCO', 8);
INSERT INTO workspaces.municipalities VALUES (170, '13212', 'CÓRDOBA', 8);
INSERT INTO workspaces.municipalities VALUES (171, '13222', 'CLEMENCIA', 8);
INSERT INTO workspaces.municipalities VALUES (172, '13244', 'EL CARMEN DE BOLÍVAR', 8);
INSERT INTO workspaces.municipalities VALUES (173, '13248', 'EL GUAMO', 8);
INSERT INTO workspaces.municipalities VALUES (174, '13268', 'EL PEÑÓN', 8);
INSERT INTO workspaces.municipalities VALUES (175, '13300', 'HATILLO DE LOBA', 8);
INSERT INTO workspaces.municipalities VALUES (176, '13430', 'MAGANGUÉ', 8);
INSERT INTO workspaces.municipalities VALUES (177, '13433', 'MAHATES', 8);
INSERT INTO workspaces.municipalities VALUES (178, '13440', 'MARGARITA', 8);
INSERT INTO workspaces.municipalities VALUES (179, '13442', 'MARÍA LA BAJA', 8);
INSERT INTO workspaces.municipalities VALUES (180, '13458', 'MONTECRISTO', 8);
INSERT INTO workspaces.municipalities VALUES (181, '13468', 'MOMPÓS', 8);
INSERT INTO workspaces.municipalities VALUES (182, '13473', 'MORALES', 8);
INSERT INTO workspaces.municipalities VALUES (183, '13490', 'NOROSÍ', 8);
INSERT INTO workspaces.municipalities VALUES (184, '13549', 'PINILLOS', 8);
INSERT INTO workspaces.municipalities VALUES (185, '13580', 'REGIDOR', 8);
INSERT INTO workspaces.municipalities VALUES (186, '13600', 'RÍO VIEJO', 8);
INSERT INTO workspaces.municipalities VALUES (187, '13620', 'SAN CRISTÓBAL', 8);
INSERT INTO workspaces.municipalities VALUES (188, '13647', 'SAN ESTANISLAO', 8);
INSERT INTO workspaces.municipalities VALUES (189, '13650', 'SAN FERNANDO', 8);
INSERT INTO workspaces.municipalities VALUES (190, '13654', 'SAN JACINTO', 8);
INSERT INTO workspaces.municipalities VALUES (191, '13655', 'SAN JACINTO DEL CAUCA', 8);
INSERT INTO workspaces.municipalities VALUES (192, '13657', 'SAN JUAN NEPOMUCENO', 8);
INSERT INTO workspaces.municipalities VALUES (193, '13667', 'SAN MARTÍN DE LOBA', 8);
INSERT INTO workspaces.municipalities VALUES (194, '13670', 'SAN PABLO', 8);
INSERT INTO workspaces.municipalities VALUES (195, '13673', 'SANTA CATALINA', 8);
INSERT INTO workspaces.municipalities VALUES (196, '13683', 'SANTA ROSA', 8);
INSERT INTO workspaces.municipalities VALUES (197, '13688', 'SANTA ROSA DEL SUR', 8);
INSERT INTO workspaces.municipalities VALUES (198, '13744', 'SIMITÍ', 8);
INSERT INTO workspaces.municipalities VALUES (199, '13760', 'SOPLAVIENTO', 8);
INSERT INTO workspaces.municipalities VALUES (200, '13780', 'TALAIGUA NUEVO', 8);
INSERT INTO workspaces.municipalities VALUES (201, '13810', 'TIQUISIO', 8);
INSERT INTO workspaces.municipalities VALUES (202, '13836', 'TURBACO', 8);
INSERT INTO workspaces.municipalities VALUES (203, '13838', 'TURBANÁ', 8);
INSERT INTO workspaces.municipalities VALUES (204, '13873', 'VILLANUEVA', 8);
INSERT INTO workspaces.municipalities VALUES (205, '13894', 'ZAMBRANO', 8);
INSERT INTO workspaces.municipalities VALUES (206, '15001', 'TUNJA', 9);
INSERT INTO workspaces.municipalities VALUES (207, '15022', 'ALMEIDA', 9);
INSERT INTO workspaces.municipalities VALUES (208, '15047', 'AQUITANIA', 9);
INSERT INTO workspaces.municipalities VALUES (209, '15051', 'ARCABUCO', 9);
INSERT INTO workspaces.municipalities VALUES (210, '15087', 'BELÉN', 9);
INSERT INTO workspaces.municipalities VALUES (211, '15090', 'BERBEO', 9);
INSERT INTO workspaces.municipalities VALUES (212, '15092', 'BETÉITIVA', 9);
INSERT INTO workspaces.municipalities VALUES (213, '15097', 'BOAVITA', 9);
INSERT INTO workspaces.municipalities VALUES (214, '15104', 'BOYACÁ', 9);
INSERT INTO workspaces.municipalities VALUES (215, '15106', 'BRICEÑO', 9);
INSERT INTO workspaces.municipalities VALUES (216, '15109', 'BUENAVISTA', 9);
INSERT INTO workspaces.municipalities VALUES (217, '15114', 'BUSBANZÁ', 9);
INSERT INTO workspaces.municipalities VALUES (218, '15131', 'CALDAS', 9);
INSERT INTO workspaces.municipalities VALUES (219, '15135', 'CAMPOHERMOSO', 9);
INSERT INTO workspaces.municipalities VALUES (220, '15162', 'CERINZA', 9);
INSERT INTO workspaces.municipalities VALUES (221, '15172', 'CHINAVITA', 9);
INSERT INTO workspaces.municipalities VALUES (222, '15176', 'CHIQUINQUIRÁ', 9);
INSERT INTO workspaces.municipalities VALUES (223, '15180', 'CHISCAS', 9);
INSERT INTO workspaces.municipalities VALUES (224, '15183', 'CHITA', 9);
INSERT INTO workspaces.municipalities VALUES (225, '15185', 'CHITARAQUE', 9);
INSERT INTO workspaces.municipalities VALUES (226, '15187', 'CHIVATÁ', 9);
INSERT INTO workspaces.municipalities VALUES (227, '15189', 'CIÉNEGA', 9);
INSERT INTO workspaces.municipalities VALUES (228, '15204', 'CÓMBITA', 9);
INSERT INTO workspaces.municipalities VALUES (229, '15212', 'COPER', 9);
INSERT INTO workspaces.municipalities VALUES (230, '15215', 'CORRALES', 9);
INSERT INTO workspaces.municipalities VALUES (231, '15218', 'COVARACHÍA', 9);
INSERT INTO workspaces.municipalities VALUES (232, '15223', 'CUBARÁ', 9);
INSERT INTO workspaces.municipalities VALUES (233, '15224', 'CUCAITA', 9);
INSERT INTO workspaces.municipalities VALUES (234, '15226', 'CUÍTIVA', 9);
INSERT INTO workspaces.municipalities VALUES (235, '15232', 'CHÍQUIZA', 9);
INSERT INTO workspaces.municipalities VALUES (236, '15236', 'CHIVOR', 9);
INSERT INTO workspaces.municipalities VALUES (237, '15238', 'DUITAMA', 9);
INSERT INTO workspaces.municipalities VALUES (238, '15244', 'EL COCUY', 9);
INSERT INTO workspaces.municipalities VALUES (239, '15248', 'EL ESPINO', 9);
INSERT INTO workspaces.municipalities VALUES (240, '15272', 'FIRAVITOBA', 9);
INSERT INTO workspaces.municipalities VALUES (241, '15276', 'FLORESTA', 9);
INSERT INTO workspaces.municipalities VALUES (242, '15293', 'GACHANTIVÁ', 9);
INSERT INTO workspaces.municipalities VALUES (243, '15296', 'GÁMEZA', 9);
INSERT INTO workspaces.municipalities VALUES (244, '15299', 'GARAGOA', 9);
INSERT INTO workspaces.municipalities VALUES (245, '15317', 'GUACAMAYAS', 9);
INSERT INTO workspaces.municipalities VALUES (246, '15322', 'GUATEQUE', 9);
INSERT INTO workspaces.municipalities VALUES (247, '15325', 'GUAYATÁ', 9);
INSERT INTO workspaces.municipalities VALUES (248, '15332', 'GÜICÁN DE LA SIERRA', 9);
INSERT INTO workspaces.municipalities VALUES (249, '15362', 'IZA', 9);
INSERT INTO workspaces.municipalities VALUES (250, '15367', 'JENESANO', 9);
INSERT INTO workspaces.municipalities VALUES (251, '15368', 'JERICÓ', 9);
INSERT INTO workspaces.municipalities VALUES (252, '15377', 'LABRANZAGRANDE', 9);
INSERT INTO workspaces.municipalities VALUES (253, '15380', 'LA CAPILLA', 9);
INSERT INTO workspaces.municipalities VALUES (254, '15401', 'LA VICTORIA', 9);
INSERT INTO workspaces.municipalities VALUES (255, '15403', 'LA UVITA', 9);
INSERT INTO workspaces.municipalities VALUES (256, '15407', 'VILLA DE LEYVA', 9);
INSERT INTO workspaces.municipalities VALUES (257, '15425', 'MACANAL', 9);
INSERT INTO workspaces.municipalities VALUES (258, '15442', 'MARIPÍ', 9);
INSERT INTO workspaces.municipalities VALUES (259, '15455', 'MIRAFLORES', 9);
INSERT INTO workspaces.municipalities VALUES (260, '15464', 'MONGUA', 9);
INSERT INTO workspaces.municipalities VALUES (261, '15466', 'MONGUÍ', 9);
INSERT INTO workspaces.municipalities VALUES (262, '15469', 'MONIQUIRÁ', 9);
INSERT INTO workspaces.municipalities VALUES (263, '15476', 'MOTAVITA', 9);
INSERT INTO workspaces.municipalities VALUES (264, '15480', 'MUZO', 9);
INSERT INTO workspaces.municipalities VALUES (265, '15491', 'NOBSA', 9);
INSERT INTO workspaces.municipalities VALUES (266, '15494', 'NUEVO COLÓN', 9);
INSERT INTO workspaces.municipalities VALUES (267, '15500', 'OICATÁ', 9);
INSERT INTO workspaces.municipalities VALUES (268, '15507', 'OTANCHE', 9);
INSERT INTO workspaces.municipalities VALUES (269, '15511', 'PACHAVITA', 9);
INSERT INTO workspaces.municipalities VALUES (270, '15514', 'PÁEZ', 9);
INSERT INTO workspaces.municipalities VALUES (271, '15516', 'PAIPA', 9);
INSERT INTO workspaces.municipalities VALUES (272, '15518', 'PAJARITO', 9);
INSERT INTO workspaces.municipalities VALUES (273, '15522', 'PANQUEBA', 9);
INSERT INTO workspaces.municipalities VALUES (274, '15531', 'PAUNA', 9);
INSERT INTO workspaces.municipalities VALUES (275, '15533', 'PAYA', 9);
INSERT INTO workspaces.municipalities VALUES (276, '15537', 'PAZ DE RÍO', 9);
INSERT INTO workspaces.municipalities VALUES (277, '15542', 'PESCA', 9);
INSERT INTO workspaces.municipalities VALUES (278, '15550', 'PISBA', 9);
INSERT INTO workspaces.municipalities VALUES (279, '15572', 'PUERTO BOYACÁ', 9);
INSERT INTO workspaces.municipalities VALUES (280, '15580', 'QUÍPAMA', 9);
INSERT INTO workspaces.municipalities VALUES (281, '15599', 'RAMIRIQUÍ', 9);
INSERT INTO workspaces.municipalities VALUES (282, '15600', 'RÁQUIRA', 9);
INSERT INTO workspaces.municipalities VALUES (283, '15621', 'RONDÓN', 9);
INSERT INTO workspaces.municipalities VALUES (284, '15632', 'SABOYÁ', 9);
INSERT INTO workspaces.municipalities VALUES (285, '15638', 'SÁCHICA', 9);
INSERT INTO workspaces.municipalities VALUES (286, '15646', 'SAMACÁ', 9);
INSERT INTO workspaces.municipalities VALUES (287, '15660', 'SAN EDUARDO', 9);
INSERT INTO workspaces.municipalities VALUES (288, '15664', 'SAN JOSÉ DE PARE', 9);
INSERT INTO workspaces.municipalities VALUES (289, '15667', 'SAN LUIS DE GACENO', 9);
INSERT INTO workspaces.municipalities VALUES (290, '15673', 'SAN MATEO', 9);
INSERT INTO workspaces.municipalities VALUES (291, '15676', 'SAN MIGUEL DE SEMA', 9);
INSERT INTO workspaces.municipalities VALUES (292, '15681', 'SAN PABLO DE BORBUR', 9);
INSERT INTO workspaces.municipalities VALUES (293, '15686', 'SANTANA', 9);
INSERT INTO workspaces.municipalities VALUES (294, '15690', 'SANTA MARÍA', 9);
INSERT INTO workspaces.municipalities VALUES (295, '15693', 'SANTA ROSA DE VITERBO', 9);
INSERT INTO workspaces.municipalities VALUES (296, '15696', 'SANTA SOFÍA', 9);
INSERT INTO workspaces.municipalities VALUES (297, '15720', 'SATIVANORTE', 9);
INSERT INTO workspaces.municipalities VALUES (298, '15723', 'SATIVASUR', 9);
INSERT INTO workspaces.municipalities VALUES (299, '15740', 'SIACHOQUE', 9);
INSERT INTO workspaces.municipalities VALUES (300, '15753', 'SOATÁ', 9);
INSERT INTO workspaces.municipalities VALUES (301, '15755', 'SOCOTÁ', 9);
INSERT INTO workspaces.municipalities VALUES (302, '15757', 'SOCHA', 9);
INSERT INTO workspaces.municipalities VALUES (303, '15759', 'SOGAMOSO', 9);
INSERT INTO workspaces.municipalities VALUES (304, '15761', 'SOMONDOCO', 9);
INSERT INTO workspaces.municipalities VALUES (305, '15762', 'SORA', 9);
INSERT INTO workspaces.municipalities VALUES (306, '15763', 'SOTAQUIRÁ', 9);
INSERT INTO workspaces.municipalities VALUES (307, '15764', 'SORACÁ', 9);
INSERT INTO workspaces.municipalities VALUES (308, '15774', 'SUSACÓN', 9);
INSERT INTO workspaces.municipalities VALUES (309, '15776', 'SUTAMARCHÁN', 9);
INSERT INTO workspaces.municipalities VALUES (310, '15778', 'SUTATENZA', 9);
INSERT INTO workspaces.municipalities VALUES (311, '15790', 'TASCO', 9);
INSERT INTO workspaces.municipalities VALUES (312, '15798', 'TENZA', 9);
INSERT INTO workspaces.municipalities VALUES (313, '15804', 'TIBANÁ', 9);
INSERT INTO workspaces.municipalities VALUES (314, '15806', 'TIBASOSA', 9);
INSERT INTO workspaces.municipalities VALUES (315, '15808', 'TINJACÁ', 9);
INSERT INTO workspaces.municipalities VALUES (316, '15810', 'TIPACOQUE', 9);
INSERT INTO workspaces.municipalities VALUES (317, '15814', 'TOCA', 9);
INSERT INTO workspaces.municipalities VALUES (318, '15816', 'TOGÜÍ', 9);
INSERT INTO workspaces.municipalities VALUES (319, '15820', 'TÓPAGA', 9);
INSERT INTO workspaces.municipalities VALUES (320, '15822', 'TOTA', 9);
INSERT INTO workspaces.municipalities VALUES (321, '15832', 'TUNUNGUÁ', 9);
INSERT INTO workspaces.municipalities VALUES (322, '15835', 'TURMEQUÉ', 9);
INSERT INTO workspaces.municipalities VALUES (323, '15837', 'TUTA', 9);
INSERT INTO workspaces.municipalities VALUES (324, '15839', 'TUTAZÁ', 9);
INSERT INTO workspaces.municipalities VALUES (325, '15842', 'ÚMBITA', 9);
INSERT INTO workspaces.municipalities VALUES (326, '15861', 'VENTAQUEMADA', 9);
INSERT INTO workspaces.municipalities VALUES (327, '15879', 'VIRACACHÁ', 9);
INSERT INTO workspaces.municipalities VALUES (328, '15897', 'ZETAQUIRA', 9);
INSERT INTO workspaces.municipalities VALUES (329, '17001', 'MANIZALES', 10);
INSERT INTO workspaces.municipalities VALUES (330, '17013', 'AGUADAS', 10);
INSERT INTO workspaces.municipalities VALUES (331, '17042', 'ANSERMA', 10);
INSERT INTO workspaces.municipalities VALUES (332, '17050', 'ARANZAZU', 10);
INSERT INTO workspaces.municipalities VALUES (333, '17088', 'BELALCÁZAR', 10);
INSERT INTO workspaces.municipalities VALUES (334, '17174', 'CHINCHINÁ', 10);
INSERT INTO workspaces.municipalities VALUES (335, '17272', 'FILADELFIA', 10);
INSERT INTO workspaces.municipalities VALUES (336, '17380', 'LA DORADA', 10);
INSERT INTO workspaces.municipalities VALUES (337, '17388', 'LA MERCED', 10);
INSERT INTO workspaces.municipalities VALUES (338, '17433', 'MANZANARES', 10);
INSERT INTO workspaces.municipalities VALUES (339, '17442', 'MARMATO', 10);
INSERT INTO workspaces.municipalities VALUES (340, '17444', 'MARQUETALIA', 10);
INSERT INTO workspaces.municipalities VALUES (341, '17446', 'MARULANDA', 10);
INSERT INTO workspaces.municipalities VALUES (342, '17486', 'NEIRA', 10);
INSERT INTO workspaces.municipalities VALUES (343, '17495', 'NORCASIA', 10);
INSERT INTO workspaces.municipalities VALUES (344, '17513', 'PÁCORA', 10);
INSERT INTO workspaces.municipalities VALUES (345, '17524', 'PALESTINA', 10);
INSERT INTO workspaces.municipalities VALUES (346, '17541', 'PENSILVANIA', 10);
INSERT INTO workspaces.municipalities VALUES (347, '17614', 'RIOSUCIO', 10);
INSERT INTO workspaces.municipalities VALUES (348, '17616', 'RISARALDA', 10);
INSERT INTO workspaces.municipalities VALUES (349, '17653', 'SALAMINA', 10);
INSERT INTO workspaces.municipalities VALUES (350, '17662', 'SAMANÁ', 10);
INSERT INTO workspaces.municipalities VALUES (351, '17665', 'SAN JOSÉ', 10);
INSERT INTO workspaces.municipalities VALUES (352, '17777', 'SUPÍA', 10);
INSERT INTO workspaces.municipalities VALUES (353, '17867', 'VICTORIA', 10);
INSERT INTO workspaces.municipalities VALUES (354, '17873', 'VILLAMARÍA', 10);
INSERT INTO workspaces.municipalities VALUES (355, '17877', 'VITERBO', 10);
INSERT INTO workspaces.municipalities VALUES (356, '18001', 'FLORENCIA', 11);
INSERT INTO workspaces.municipalities VALUES (357, '18029', 'ALBANIA', 11);
INSERT INTO workspaces.municipalities VALUES (358, '18094', 'BELÉN DE LOS ANDAQUÍES', 11);
INSERT INTO workspaces.municipalities VALUES (359, '18150', 'CARTAGENA DEL CHAIRÁ', 11);
INSERT INTO workspaces.municipalities VALUES (360, '18205', 'CURILLO', 11);
INSERT INTO workspaces.municipalities VALUES (361, '18247', 'EL DONCELLO', 11);
INSERT INTO workspaces.municipalities VALUES (362, '18256', 'EL PAUJÍL', 11);
INSERT INTO workspaces.municipalities VALUES (363, '18410', 'LA MONTAÑITA', 11);
INSERT INTO workspaces.municipalities VALUES (364, '18460', 'MILÁN', 11);
INSERT INTO workspaces.municipalities VALUES (365, '18479', 'MORELIA', 11);
INSERT INTO workspaces.municipalities VALUES (366, '18592', 'PUERTO RICO', 11);
INSERT INTO workspaces.municipalities VALUES (367, '18610', 'SAN JOSÉ DEL FRAGUA', 11);
INSERT INTO workspaces.municipalities VALUES (368, '18753', 'SAN VICENTE DEL CAGUÁN', 11);
INSERT INTO workspaces.municipalities VALUES (369, '18756', 'SOLANO', 11);
INSERT INTO workspaces.municipalities VALUES (370, '18785', 'SOLITA', 11);
INSERT INTO workspaces.municipalities VALUES (371, '18860', 'VALPARAÍSO', 11);
INSERT INTO workspaces.municipalities VALUES (372, '19001', 'POPAYÁN', 12);
INSERT INTO workspaces.municipalities VALUES (373, '19022', 'ALMAGUER', 12);
INSERT INTO workspaces.municipalities VALUES (374, '19050', 'ARGELIA', 12);
INSERT INTO workspaces.municipalities VALUES (375, '19075', 'BALBOA', 12);
INSERT INTO workspaces.municipalities VALUES (376, '19100', 'BOLÍVAR', 12);
INSERT INTO workspaces.municipalities VALUES (377, '19110', 'BUENOS AIRES', 12);
INSERT INTO workspaces.municipalities VALUES (378, '19130', 'CAJIBÍO', 12);
INSERT INTO workspaces.municipalities VALUES (379, '19137', 'CALDONO', 12);
INSERT INTO workspaces.municipalities VALUES (380, '19142', 'CALOTO', 12);
INSERT INTO workspaces.municipalities VALUES (381, '19212', 'CORINTO', 12);
INSERT INTO workspaces.municipalities VALUES (382, '19256', 'EL TAMBO', 12);
INSERT INTO workspaces.municipalities VALUES (383, '19290', 'FLORENCIA', 12);
INSERT INTO workspaces.municipalities VALUES (384, '19300', 'GUACHENÉ', 12);
INSERT INTO workspaces.municipalities VALUES (385, '19318', 'GUAPI', 12);
INSERT INTO workspaces.municipalities VALUES (386, '19355', 'INZÁ', 12);
INSERT INTO workspaces.municipalities VALUES (387, '19364', 'JAMBALÓ', 12);
INSERT INTO workspaces.municipalities VALUES (388, '19392', 'LA SIERRA', 12);
INSERT INTO workspaces.municipalities VALUES (389, '19397', 'LA VEGA', 12);
INSERT INTO workspaces.municipalities VALUES (390, '19418', 'LÓPEZ DE MICAY', 12);
INSERT INTO workspaces.municipalities VALUES (391, '19450', 'MERCADERES', 12);
INSERT INTO workspaces.municipalities VALUES (392, '19455', 'MIRANDA', 12);
INSERT INTO workspaces.municipalities VALUES (393, '19473', 'MORALES', 12);
INSERT INTO workspaces.municipalities VALUES (394, '19513', 'PADILLA', 12);
INSERT INTO workspaces.municipalities VALUES (395, '19517', 'PÁEZ', 12);
INSERT INTO workspaces.municipalities VALUES (396, '19532', 'PATÍA', 12);
INSERT INTO workspaces.municipalities VALUES (397, '19533', 'PIAMONTE', 12);
INSERT INTO workspaces.municipalities VALUES (398, '19548', 'PIENDAMÓ - TUNÍA', 12);
INSERT INTO workspaces.municipalities VALUES (399, '19573', 'PUERTO TEJADA', 12);
INSERT INTO workspaces.municipalities VALUES (400, '19585', 'PURACÉ', 12);
INSERT INTO workspaces.municipalities VALUES (401, '19622', 'ROSAS', 12);
INSERT INTO workspaces.municipalities VALUES (402, '19693', 'SAN SEBASTIÁN', 12);
INSERT INTO workspaces.municipalities VALUES (403, '19698', 'SANTANDER DE QUILICHAO', 12);
INSERT INTO workspaces.municipalities VALUES (404, '19701', 'SANTA ROSA', 12);
INSERT INTO workspaces.municipalities VALUES (405, '19743', 'SILVIA', 12);
INSERT INTO workspaces.municipalities VALUES (406, '19760', 'SOTARÁ PAISPAMBA', 12);
INSERT INTO workspaces.municipalities VALUES (407, '19780', 'SUÁREZ', 12);
INSERT INTO workspaces.municipalities VALUES (408, '19785', 'SUCRE', 12);
INSERT INTO workspaces.municipalities VALUES (409, '19807', 'TIMBÍO', 12);
INSERT INTO workspaces.municipalities VALUES (410, '19809', 'TIMBIQUÍ', 12);
INSERT INTO workspaces.municipalities VALUES (411, '19821', 'TORIBÍO', 12);
INSERT INTO workspaces.municipalities VALUES (412, '19824', 'TOTORÓ', 12);
INSERT INTO workspaces.municipalities VALUES (413, '19845', 'VILLA RICA', 12);
INSERT INTO workspaces.municipalities VALUES (414, '20001', 'VALLEDUPAR', 13);
INSERT INTO workspaces.municipalities VALUES (415, '20011', 'AGUACHICA', 13);
INSERT INTO workspaces.municipalities VALUES (416, '20013', 'AGUSTÍN CODAZZI', 13);
INSERT INTO workspaces.municipalities VALUES (417, '20032', 'ASTREA', 13);
INSERT INTO workspaces.municipalities VALUES (418, '20045', 'BECERRIL', 13);
INSERT INTO workspaces.municipalities VALUES (419, '20060', 'BOSCONIA', 13);
INSERT INTO workspaces.municipalities VALUES (420, '20175', 'CHIMICHAGUA', 13);
INSERT INTO workspaces.municipalities VALUES (421, '20178', 'CHIRIGUANÁ', 13);
INSERT INTO workspaces.municipalities VALUES (422, '20228', 'CURUMANÍ', 13);
INSERT INTO workspaces.municipalities VALUES (423, '20238', 'EL COPEY', 13);
INSERT INTO workspaces.municipalities VALUES (424, '20250', 'EL PASO', 13);
INSERT INTO workspaces.municipalities VALUES (425, '20295', 'GAMARRA', 13);
INSERT INTO workspaces.municipalities VALUES (426, '20310', 'GONZÁLEZ', 13);
INSERT INTO workspaces.municipalities VALUES (427, '20383', 'LA GLORIA', 13);
INSERT INTO workspaces.municipalities VALUES (428, '20400', 'LA JAGUA DE IBIRICO', 13);
INSERT INTO workspaces.municipalities VALUES (429, '20443', 'MANAURE BALCÓN DEL CESAR', 13);
INSERT INTO workspaces.municipalities VALUES (430, '20517', 'PAILITAS', 13);
INSERT INTO workspaces.municipalities VALUES (431, '20550', 'PELAYA', 13);
INSERT INTO workspaces.municipalities VALUES (432, '20570', 'PUEBLO BELLO', 13);
INSERT INTO workspaces.municipalities VALUES (433, '20614', 'RÍO DE ORO', 13);
INSERT INTO workspaces.municipalities VALUES (434, '20621', 'LA PAZ', 13);
INSERT INTO workspaces.municipalities VALUES (435, '20710', 'SAN ALBERTO', 13);
INSERT INTO workspaces.municipalities VALUES (436, '20750', 'SAN DIEGO', 13);
INSERT INTO workspaces.municipalities VALUES (437, '20770', 'SAN MARTÍN', 13);
INSERT INTO workspaces.municipalities VALUES (438, '20787', 'TAMALAMEQUE', 13);
INSERT INTO workspaces.municipalities VALUES (439, '23001', 'MONTERÍA', 14);
INSERT INTO workspaces.municipalities VALUES (440, '23068', 'AYAPEL', 14);
INSERT INTO workspaces.municipalities VALUES (441, '23079', 'BUENAVISTA', 14);
INSERT INTO workspaces.municipalities VALUES (442, '23090', 'CANALETE', 14);
INSERT INTO workspaces.municipalities VALUES (443, '23162', 'CERETÉ', 14);
INSERT INTO workspaces.municipalities VALUES (444, '23168', 'CHIMÁ', 14);
INSERT INTO workspaces.municipalities VALUES (445, '23182', 'CHINÚ', 14);
INSERT INTO workspaces.municipalities VALUES (446, '23189', 'CIÉNAGA DE ORO', 14);
INSERT INTO workspaces.municipalities VALUES (447, '23300', 'COTORRA', 14);
INSERT INTO workspaces.municipalities VALUES (448, '23350', 'LA APARTADA', 14);
INSERT INTO workspaces.municipalities VALUES (449, '23417', 'LORICA', 14);
INSERT INTO workspaces.municipalities VALUES (450, '23419', 'LOS CÓRDOBAS', 14);
INSERT INTO workspaces.municipalities VALUES (451, '23464', 'MOMIL', 14);
INSERT INTO workspaces.municipalities VALUES (452, '23466', 'MONTELÍBANO', 14);
INSERT INTO workspaces.municipalities VALUES (453, '23500', 'MOÑITOS', 14);
INSERT INTO workspaces.municipalities VALUES (454, '23555', 'PLANETA RICA', 14);
INSERT INTO workspaces.municipalities VALUES (455, '23570', 'PUEBLO NUEVO', 14);
INSERT INTO workspaces.municipalities VALUES (456, '23574', 'PUERTO ESCONDIDO', 14);
INSERT INTO workspaces.municipalities VALUES (457, '23580', 'PUERTO LIBERTADOR', 14);
INSERT INTO workspaces.municipalities VALUES (458, '23586', 'PURÍSIMA DE LA CONCEPCIÓN', 14);
INSERT INTO workspaces.municipalities VALUES (459, '23660', 'SAHAGÚN', 14);
INSERT INTO workspaces.municipalities VALUES (460, '23670', 'SAN ANDRÉS DE SOTAVENTO', 14);
INSERT INTO workspaces.municipalities VALUES (461, '23672', 'SAN ANTERO', 14);
INSERT INTO workspaces.municipalities VALUES (462, '23675', 'SAN BERNARDO DEL VIENTO', 14);
INSERT INTO workspaces.municipalities VALUES (463, '23678', 'SAN CARLOS', 14);
INSERT INTO workspaces.municipalities VALUES (464, '23682', 'SAN JOSÉ DE URÉ', 14);
INSERT INTO workspaces.municipalities VALUES (465, '23686', 'SAN PELAYO', 14);
INSERT INTO workspaces.municipalities VALUES (466, '23807', 'TIERRALTA', 14);
INSERT INTO workspaces.municipalities VALUES (467, '23815', 'TUCHÍN', 14);
INSERT INTO workspaces.municipalities VALUES (468, '23855', 'VALENCIA', 14);
INSERT INTO workspaces.municipalities VALUES (469, '25001', 'AGUA DE DIOS', 15);
INSERT INTO workspaces.municipalities VALUES (470, '25019', 'ALBÁN', 15);
INSERT INTO workspaces.municipalities VALUES (471, '25035', 'ANAPOIMA', 15);
INSERT INTO workspaces.municipalities VALUES (472, '25040', 'ANOLAIMA', 15);
INSERT INTO workspaces.municipalities VALUES (473, '25053', 'ARBELÁEZ', 15);
INSERT INTO workspaces.municipalities VALUES (474, '25086', 'BELTRÁN', 15);
INSERT INTO workspaces.municipalities VALUES (475, '25095', 'BITUIMA', 15);
INSERT INTO workspaces.municipalities VALUES (476, '25099', 'BOJACÁ', 15);
INSERT INTO workspaces.municipalities VALUES (477, '25120', 'CABRERA', 15);
INSERT INTO workspaces.municipalities VALUES (478, '25123', 'CACHIPAY', 15);
INSERT INTO workspaces.municipalities VALUES (479, '25126', 'CAJICÁ', 15);
INSERT INTO workspaces.municipalities VALUES (480, '25148', 'CAPARRAPÍ', 15);
INSERT INTO workspaces.municipalities VALUES (481, '25151', 'CÁQUEZA', 15);
INSERT INTO workspaces.municipalities VALUES (482, '25154', 'CARMEN DE CARUPA', 15);
INSERT INTO workspaces.municipalities VALUES (483, '25168', 'CHAGUANÍ', 15);
INSERT INTO workspaces.municipalities VALUES (484, '25175', 'CHÍA', 15);
INSERT INTO workspaces.municipalities VALUES (485, '25178', 'CHIPAQUE', 15);
INSERT INTO workspaces.municipalities VALUES (486, '25181', 'CHOACHÍ', 15);
INSERT INTO workspaces.municipalities VALUES (487, '25183', 'CHOCONTÁ', 15);
INSERT INTO workspaces.municipalities VALUES (488, '25200', 'COGUA', 15);
INSERT INTO workspaces.municipalities VALUES (489, '25214', 'COTA', 15);
INSERT INTO workspaces.municipalities VALUES (490, '25224', 'CUCUNUBÁ', 15);
INSERT INTO workspaces.municipalities VALUES (491, '25245', 'EL COLEGIO', 15);
INSERT INTO workspaces.municipalities VALUES (492, '25258', 'EL PEÑÓN', 15);
INSERT INTO workspaces.municipalities VALUES (493, '25260', 'EL ROSAL', 15);
INSERT INTO workspaces.municipalities VALUES (494, '25269', 'FACATATIVÁ', 15);
INSERT INTO workspaces.municipalities VALUES (495, '25279', 'FÓMEQUE', 15);
INSERT INTO workspaces.municipalities VALUES (496, '25281', 'FOSCA', 15);
INSERT INTO workspaces.municipalities VALUES (497, '25286', 'FUNZA', 15);
INSERT INTO workspaces.municipalities VALUES (498, '25288', 'FÚQUENE', 15);
INSERT INTO workspaces.municipalities VALUES (499, '25290', 'FUSAGASUGÁ', 15);
INSERT INTO workspaces.municipalities VALUES (500, '25293', 'GACHALÁ', 15);
INSERT INTO workspaces.municipalities VALUES (501, '25295', 'GACHANCIPÁ', 15);
INSERT INTO workspaces.municipalities VALUES (502, '25297', 'GACHETÁ', 15);
INSERT INTO workspaces.municipalities VALUES (503, '25299', 'GAMA', 15);
INSERT INTO workspaces.municipalities VALUES (504, '25307', 'GIRARDOT', 15);
INSERT INTO workspaces.municipalities VALUES (505, '25312', 'GRANADA', 15);
INSERT INTO workspaces.municipalities VALUES (506, '25317', 'GUACHETÁ', 15);
INSERT INTO workspaces.municipalities VALUES (507, '25320', 'GUADUAS', 15);
INSERT INTO workspaces.municipalities VALUES (508, '25322', 'GUASCA', 15);
INSERT INTO workspaces.municipalities VALUES (509, '25324', 'GUATAQUÍ', 15);
INSERT INTO workspaces.municipalities VALUES (510, '25326', 'GUATAVITA', 15);
INSERT INTO workspaces.municipalities VALUES (511, '25328', 'GUAYABAL DE SÍQUIMA', 15);
INSERT INTO workspaces.municipalities VALUES (512, '25335', 'GUAYABETAL', 15);
INSERT INTO workspaces.municipalities VALUES (513, '25339', 'GUTIÉRREZ', 15);
INSERT INTO workspaces.municipalities VALUES (514, '25368', 'JERUSALÉN', 15);
INSERT INTO workspaces.municipalities VALUES (515, '25372', 'JUNÍN', 15);
INSERT INTO workspaces.municipalities VALUES (516, '25377', 'LA CALERA', 15);
INSERT INTO workspaces.municipalities VALUES (517, '25386', 'LA MESA', 15);
INSERT INTO workspaces.municipalities VALUES (518, '25394', 'LA PALMA', 15);
INSERT INTO workspaces.municipalities VALUES (519, '25398', 'LA PEÑA', 15);
INSERT INTO workspaces.municipalities VALUES (520, '25402', 'LA VEGA', 15);
INSERT INTO workspaces.municipalities VALUES (521, '25407', 'LENGUAZAQUE', 15);
INSERT INTO workspaces.municipalities VALUES (522, '25426', 'MACHETÁ', 15);
INSERT INTO workspaces.municipalities VALUES (523, '25430', 'MADRID', 15);
INSERT INTO workspaces.municipalities VALUES (524, '25436', 'MANTA', 15);
INSERT INTO workspaces.municipalities VALUES (525, '25438', 'MEDINA', 15);
INSERT INTO workspaces.municipalities VALUES (526, '25473', 'MOSQUERA', 15);
INSERT INTO workspaces.municipalities VALUES (527, '25483', 'NARIÑO', 15);
INSERT INTO workspaces.municipalities VALUES (528, '25486', 'NEMOCÓN', 15);
INSERT INTO workspaces.municipalities VALUES (529, '25488', 'NILO', 15);
INSERT INTO workspaces.municipalities VALUES (530, '25489', 'NIMAIMA', 15);
INSERT INTO workspaces.municipalities VALUES (531, '25491', 'NOCAIMA', 15);
INSERT INTO workspaces.municipalities VALUES (532, '25506', 'VENECIA', 15);
INSERT INTO workspaces.municipalities VALUES (533, '25513', 'PACHO', 15);
INSERT INTO workspaces.municipalities VALUES (534, '25518', 'PAIME', 15);
INSERT INTO workspaces.municipalities VALUES (535, '25524', 'PANDI', 15);
INSERT INTO workspaces.municipalities VALUES (536, '25530', 'PARATEBUENO', 15);
INSERT INTO workspaces.municipalities VALUES (537, '25535', 'PASCA', 15);
INSERT INTO workspaces.municipalities VALUES (538, '25572', 'PUERTO SALGAR', 15);
INSERT INTO workspaces.municipalities VALUES (539, '25580', 'PULÍ', 15);
INSERT INTO workspaces.municipalities VALUES (540, '25592', 'QUEBRADANEGRA', 15);
INSERT INTO workspaces.municipalities VALUES (541, '25594', 'QUETAME', 15);
INSERT INTO workspaces.municipalities VALUES (542, '25596', 'QUIPILE', 15);
INSERT INTO workspaces.municipalities VALUES (543, '25599', 'APULO', 15);
INSERT INTO workspaces.municipalities VALUES (544, '25612', 'RICAURTE', 15);
INSERT INTO workspaces.municipalities VALUES (545, '25645', 'SAN ANTONIO DEL TEQUENDAMA', 15);
INSERT INTO workspaces.municipalities VALUES (546, '25649', 'SAN BERNARDO', 15);
INSERT INTO workspaces.municipalities VALUES (547, '25653', 'SAN CAYETANO', 15);
INSERT INTO workspaces.municipalities VALUES (548, '25658', 'SAN FRANCISCO', 15);
INSERT INTO workspaces.municipalities VALUES (549, '25662', 'SAN JUAN DE RIOSECO', 15);
INSERT INTO workspaces.municipalities VALUES (550, '25718', 'SASAIMA', 15);
INSERT INTO workspaces.municipalities VALUES (551, '25736', 'SESQUILÉ', 15);
INSERT INTO workspaces.municipalities VALUES (552, '25740', 'SIBATÉ', 15);
INSERT INTO workspaces.municipalities VALUES (553, '25743', 'SILVANIA', 15);
INSERT INTO workspaces.municipalities VALUES (554, '25745', 'SIMIJACA', 15);
INSERT INTO workspaces.municipalities VALUES (555, '25754', 'SOACHA', 15);
INSERT INTO workspaces.municipalities VALUES (556, '25758', 'SOPÓ', 15);
INSERT INTO workspaces.municipalities VALUES (557, '25769', 'SUBACHOQUE', 15);
INSERT INTO workspaces.municipalities VALUES (558, '25772', 'SUESCA', 15);
INSERT INTO workspaces.municipalities VALUES (559, '25777', 'SUPATÁ', 15);
INSERT INTO workspaces.municipalities VALUES (560, '25779', 'SUSA', 15);
INSERT INTO workspaces.municipalities VALUES (561, '25781', 'SUTATAUSA', 15);
INSERT INTO workspaces.municipalities VALUES (562, '25785', 'TABIO', 15);
INSERT INTO workspaces.municipalities VALUES (563, '25793', 'TAUSA', 15);
INSERT INTO workspaces.municipalities VALUES (564, '25797', 'TENA', 15);
INSERT INTO workspaces.municipalities VALUES (565, '25799', 'TENJO', 15);
INSERT INTO workspaces.municipalities VALUES (566, '25805', 'TIBACUY', 15);
INSERT INTO workspaces.municipalities VALUES (567, '25807', 'TIBIRITA', 15);
INSERT INTO workspaces.municipalities VALUES (568, '25815', 'TOCAIMA', 15);
INSERT INTO workspaces.municipalities VALUES (569, '25817', 'TOCANCIPÁ', 15);
INSERT INTO workspaces.municipalities VALUES (570, '25823', 'TOPAIPÍ', 15);
INSERT INTO workspaces.municipalities VALUES (571, '25839', 'UBALÁ', 15);
INSERT INTO workspaces.municipalities VALUES (572, '25841', 'UBAQUE', 15);
INSERT INTO workspaces.municipalities VALUES (573, '25843', 'VILLA DE SAN DIEGO DE UBATÉ', 15);
INSERT INTO workspaces.municipalities VALUES (574, '25845', 'UNE', 15);
INSERT INTO workspaces.municipalities VALUES (575, '25851', 'ÚTICA', 15);
INSERT INTO workspaces.municipalities VALUES (576, '25862', 'VERGARA', 15);
INSERT INTO workspaces.municipalities VALUES (577, '25867', 'VIANÍ', 15);
INSERT INTO workspaces.municipalities VALUES (578, '25871', 'VILLAGÓMEZ', 15);
INSERT INTO workspaces.municipalities VALUES (579, '25873', 'VILLAPINZÓN', 15);
INSERT INTO workspaces.municipalities VALUES (580, '25875', 'VILLETA', 15);
INSERT INTO workspaces.municipalities VALUES (581, '25878', 'VIOTÁ', 15);
INSERT INTO workspaces.municipalities VALUES (582, '25885', 'YACOPÍ', 15);
INSERT INTO workspaces.municipalities VALUES (583, '25898', 'ZIPACÓN', 15);
INSERT INTO workspaces.municipalities VALUES (584, '25899', 'ZIPAQUIRÁ', 15);
INSERT INTO workspaces.municipalities VALUES (585, '27001', 'QUIBDÓ', 16);
INSERT INTO workspaces.municipalities VALUES (586, '27006', 'ACANDÍ', 16);
INSERT INTO workspaces.municipalities VALUES (587, '27025', 'ALTO BAUDÓ', 16);
INSERT INTO workspaces.municipalities VALUES (588, '27050', 'ATRATO', 16);
INSERT INTO workspaces.municipalities VALUES (589, '27073', 'BAGADÓ', 16);
INSERT INTO workspaces.municipalities VALUES (590, '27075', 'BAHÍA SOLANO', 16);
INSERT INTO workspaces.municipalities VALUES (591, '27077', 'BAJO BAUDÓ', 16);
INSERT INTO workspaces.municipalities VALUES (592, '27099', 'BOJAYÁ', 16);
INSERT INTO workspaces.municipalities VALUES (593, '27135', 'EL CANTÓN DEL SAN PABLO', 16);
INSERT INTO workspaces.municipalities VALUES (594, '27150', 'CARMEN DEL DARIÉN', 16);
INSERT INTO workspaces.municipalities VALUES (595, '27160', 'CÉRTEGUI', 16);
INSERT INTO workspaces.municipalities VALUES (596, '27205', 'CONDOTO', 16);
INSERT INTO workspaces.municipalities VALUES (597, '27245', 'EL CARMEN DE ATRATO', 16);
INSERT INTO workspaces.municipalities VALUES (598, '27250', 'EL LITORAL DEL SAN JUAN', 16);
INSERT INTO workspaces.municipalities VALUES (599, '27361', 'ISTMINA', 16);
INSERT INTO workspaces.municipalities VALUES (600, '27372', 'JURADÓ', 16);
INSERT INTO workspaces.municipalities VALUES (601, '27413', 'LLORÓ', 16);
INSERT INTO workspaces.municipalities VALUES (602, '27425', 'MEDIO ATRATO', 16);
INSERT INTO workspaces.municipalities VALUES (603, '27430', 'MEDIO BAUDÓ', 16);
INSERT INTO workspaces.municipalities VALUES (604, '27450', 'MEDIO SAN JUAN', 16);
INSERT INTO workspaces.municipalities VALUES (605, '27491', 'NÓVITA', 16);
INSERT INTO workspaces.municipalities VALUES (606, '27495', 'NUQUÍ', 16);
INSERT INTO workspaces.municipalities VALUES (607, '27580', 'RÍO IRÓ', 16);
INSERT INTO workspaces.municipalities VALUES (608, '27600', 'RÍO QUITO', 16);
INSERT INTO workspaces.municipalities VALUES (609, '27615', 'RIOSUCIO', 16);
INSERT INTO workspaces.municipalities VALUES (610, '27660', 'SAN JOSÉ DEL PALMAR', 16);
INSERT INTO workspaces.municipalities VALUES (611, '27745', 'SIPÍ', 16);
INSERT INTO workspaces.municipalities VALUES (612, '27787', 'TADÓ', 16);
INSERT INTO workspaces.municipalities VALUES (613, '27800', 'UNGUÍA', 16);
INSERT INTO workspaces.municipalities VALUES (614, '27810', 'UNIÓN PANAMERICANA', 16);
INSERT INTO workspaces.municipalities VALUES (615, '41001', 'NEIVA', 17);
INSERT INTO workspaces.municipalities VALUES (616, '41006', 'ACEVEDO', 17);
INSERT INTO workspaces.municipalities VALUES (617, '41013', 'AGRADO', 17);
INSERT INTO workspaces.municipalities VALUES (618, '41016', 'AIPE', 17);
INSERT INTO workspaces.municipalities VALUES (619, '41020', 'ALGECIRAS', 17);
INSERT INTO workspaces.municipalities VALUES (620, '41026', 'ALTAMIRA', 17);
INSERT INTO workspaces.municipalities VALUES (621, '41078', 'BARAYA', 17);
INSERT INTO workspaces.municipalities VALUES (622, '41132', 'CAMPOALEGRE', 17);
INSERT INTO workspaces.municipalities VALUES (623, '41206', 'COLOMBIA', 17);
INSERT INTO workspaces.municipalities VALUES (624, '41244', 'ELÍAS', 17);
INSERT INTO workspaces.municipalities VALUES (625, '41298', 'GARZÓN', 17);
INSERT INTO workspaces.municipalities VALUES (626, '41306', 'GIGANTE', 17);
INSERT INTO workspaces.municipalities VALUES (627, '41319', 'GUADALUPE', 17);
INSERT INTO workspaces.municipalities VALUES (628, '41349', 'HOBO', 17);
INSERT INTO workspaces.municipalities VALUES (629, '41357', 'ÍQUIRA', 17);
INSERT INTO workspaces.municipalities VALUES (630, '41359', 'ISNOS', 17);
INSERT INTO workspaces.municipalities VALUES (631, '41378', 'LA ARGENTINA', 17);
INSERT INTO workspaces.municipalities VALUES (632, '41396', 'LA PLATA', 17);
INSERT INTO workspaces.municipalities VALUES (633, '41483', 'NÁTAGA', 17);
INSERT INTO workspaces.municipalities VALUES (634, '41503', 'OPORAPA', 17);
INSERT INTO workspaces.municipalities VALUES (635, '41518', 'PAICOL', 17);
INSERT INTO workspaces.municipalities VALUES (636, '41524', 'PALERMO', 17);
INSERT INTO workspaces.municipalities VALUES (637, '41530', 'PALESTINA', 17);
INSERT INTO workspaces.municipalities VALUES (638, '41548', 'PITAL', 17);
INSERT INTO workspaces.municipalities VALUES (639, '41551', 'PITALITO', 17);
INSERT INTO workspaces.municipalities VALUES (640, '41615', 'RIVERA', 17);
INSERT INTO workspaces.municipalities VALUES (641, '41660', 'SALADOBLANCO', 17);
INSERT INTO workspaces.municipalities VALUES (642, '41668', 'SAN AGUSTÍN', 17);
INSERT INTO workspaces.municipalities VALUES (643, '41676', 'SANTA MARÍA', 17);
INSERT INTO workspaces.municipalities VALUES (644, '41770', 'SUAZA', 17);
INSERT INTO workspaces.municipalities VALUES (645, '41791', 'TARQUI', 17);
INSERT INTO workspaces.municipalities VALUES (646, '41797', 'TESALIA', 17);
INSERT INTO workspaces.municipalities VALUES (647, '41799', 'TELLO', 17);
INSERT INTO workspaces.municipalities VALUES (648, '41801', 'TERUEL', 17);
INSERT INTO workspaces.municipalities VALUES (649, '41807', 'TIMANÁ', 17);
INSERT INTO workspaces.municipalities VALUES (650, '41872', 'VILLAVIEJA', 17);
INSERT INTO workspaces.municipalities VALUES (651, '41885', 'YAGUARÁ', 17);
INSERT INTO workspaces.municipalities VALUES (652, '44001', 'RIOHACHA', 18);
INSERT INTO workspaces.municipalities VALUES (653, '44035', 'ALBANIA', 18);
INSERT INTO workspaces.municipalities VALUES (654, '44078', 'BARRANCAS', 18);
INSERT INTO workspaces.municipalities VALUES (655, '44090', 'DIBULLA', 18);
INSERT INTO workspaces.municipalities VALUES (656, '44098', 'DISTRACCIÓN', 18);
INSERT INTO workspaces.municipalities VALUES (657, '44110', 'EL MOLINO', 18);
INSERT INTO workspaces.municipalities VALUES (658, '44279', 'FONSECA', 18);
INSERT INTO workspaces.municipalities VALUES (659, '44378', 'HATONUEVO', 18);
INSERT INTO workspaces.municipalities VALUES (660, '44420', 'LA JAGUA DEL PILAR', 18);
INSERT INTO workspaces.municipalities VALUES (661, '44430', 'MAICAO', 18);
INSERT INTO workspaces.municipalities VALUES (662, '44560', 'MANAURE', 18);
INSERT INTO workspaces.municipalities VALUES (663, '44650', 'SAN JUAN DEL CESAR', 18);
INSERT INTO workspaces.municipalities VALUES (664, '44847', 'URIBIA', 18);
INSERT INTO workspaces.municipalities VALUES (665, '44855', 'URUMITA', 18);
INSERT INTO workspaces.municipalities VALUES (666, '44874', 'VILLANUEVA', 18);
INSERT INTO workspaces.municipalities VALUES (667, '47001', 'SANTA MARTA', 19);
INSERT INTO workspaces.municipalities VALUES (668, '47030', 'ALGARROBO', 19);
INSERT INTO workspaces.municipalities VALUES (669, '47053', 'ARACATACA', 19);
INSERT INTO workspaces.municipalities VALUES (670, '47058', 'ARIGUANÍ', 19);
INSERT INTO workspaces.municipalities VALUES (671, '47161', 'CERRO DE SAN ANTONIO', 19);
INSERT INTO workspaces.municipalities VALUES (672, '47170', 'CHIVOLO', 19);
INSERT INTO workspaces.municipalities VALUES (673, '47189', 'CIÉNAGA', 19);
INSERT INTO workspaces.municipalities VALUES (674, '47205', 'CONCORDIA', 19);
INSERT INTO workspaces.municipalities VALUES (675, '47245', 'EL BANCO', 19);
INSERT INTO workspaces.municipalities VALUES (676, '47258', 'EL PIÑÓN', 19);
INSERT INTO workspaces.municipalities VALUES (677, '47268', 'EL RETÉN', 19);
INSERT INTO workspaces.municipalities VALUES (678, '47288', 'FUNDACIÓN', 19);
INSERT INTO workspaces.municipalities VALUES (679, '47318', 'GUAMAL', 19);
INSERT INTO workspaces.municipalities VALUES (680, '47460', 'NUEVA GRANADA', 19);
INSERT INTO workspaces.municipalities VALUES (681, '47541', 'PEDRAZA', 19);
INSERT INTO workspaces.municipalities VALUES (682, '47545', 'PIJIÑO DEL CARMEN', 19);
INSERT INTO workspaces.municipalities VALUES (683, '47551', 'PIVIJAY', 19);
INSERT INTO workspaces.municipalities VALUES (684, '47555', 'PLATO', 19);
INSERT INTO workspaces.municipalities VALUES (685, '47570', 'PUEBLOVIEJO', 19);
INSERT INTO workspaces.municipalities VALUES (686, '47605', 'REMOLINO', 19);
INSERT INTO workspaces.municipalities VALUES (687, '47660', 'SABANAS DE SAN ÁNGEL', 19);
INSERT INTO workspaces.municipalities VALUES (688, '47675', 'SALAMINA', 19);
INSERT INTO workspaces.municipalities VALUES (689, '47692', 'SAN SEBASTIÁN DE BUENAVISTA', 19);
INSERT INTO workspaces.municipalities VALUES (690, '47703', 'SAN ZENÓN', 19);
INSERT INTO workspaces.municipalities VALUES (691, '47707', 'SANTA ANA', 19);
INSERT INTO workspaces.municipalities VALUES (692, '47720', 'SANTA BÁRBARA DE PINTO', 19);
INSERT INTO workspaces.municipalities VALUES (693, '47745', 'SITIONUEVO', 19);
INSERT INTO workspaces.municipalities VALUES (694, '47798', 'TENERIFE', 19);
INSERT INTO workspaces.municipalities VALUES (695, '47960', 'ZAPAYÁN', 19);
INSERT INTO workspaces.municipalities VALUES (696, '47980', 'ZONA BANANERA', 19);
INSERT INTO workspaces.municipalities VALUES (697, '50001', 'VILLAVICENCIO', 20);
INSERT INTO workspaces.municipalities VALUES (698, '50006', 'ACACÍAS', 20);
INSERT INTO workspaces.municipalities VALUES (699, '50110', 'BARRANCA DE UPÍA', 20);
INSERT INTO workspaces.municipalities VALUES (700, '50124', 'CABUYARO', 20);
INSERT INTO workspaces.municipalities VALUES (701, '50150', 'CASTILLA LA NUEVA', 20);
INSERT INTO workspaces.municipalities VALUES (702, '50223', 'CUBARRAL', 20);
INSERT INTO workspaces.municipalities VALUES (703, '50226', 'CUMARAL', 20);
INSERT INTO workspaces.municipalities VALUES (704, '50245', 'EL CALVARIO', 20);
INSERT INTO workspaces.municipalities VALUES (705, '50251', 'EL CASTILLO', 20);
INSERT INTO workspaces.municipalities VALUES (706, '50270', 'EL DORADO', 20);
INSERT INTO workspaces.municipalities VALUES (707, '50287', 'FUENTE DE ORO', 20);
INSERT INTO workspaces.municipalities VALUES (708, '50313', 'GRANADA', 20);
INSERT INTO workspaces.municipalities VALUES (709, '50318', 'GUAMAL', 20);
INSERT INTO workspaces.municipalities VALUES (710, '50325', 'MAPIRIPÁN', 20);
INSERT INTO workspaces.municipalities VALUES (711, '50330', 'MESETAS', 20);
INSERT INTO workspaces.municipalities VALUES (712, '50350', 'LA MACARENA', 20);
INSERT INTO workspaces.municipalities VALUES (713, '50370', 'URIBE', 20);
INSERT INTO workspaces.municipalities VALUES (714, '50400', 'LEJANÍAS', 20);
INSERT INTO workspaces.municipalities VALUES (715, '50450', 'PUERTO CONCORDIA', 20);
INSERT INTO workspaces.municipalities VALUES (716, '50568', 'PUERTO GAITÁN', 20);
INSERT INTO workspaces.municipalities VALUES (717, '50573', 'PUERTO LÓPEZ', 20);
INSERT INTO workspaces.municipalities VALUES (718, '50577', 'PUERTO LLERAS', 20);
INSERT INTO workspaces.municipalities VALUES (719, '50590', 'PUERTO RICO', 20);
INSERT INTO workspaces.municipalities VALUES (720, '50606', 'RESTREPO', 20);
INSERT INTO workspaces.municipalities VALUES (721, '50680', 'SAN CARLOS DE GUAROA', 20);
INSERT INTO workspaces.municipalities VALUES (722, '50683', 'SAN JUAN DE ARAMA', 20);
INSERT INTO workspaces.municipalities VALUES (723, '50686', 'SAN JUANITO', 20);
INSERT INTO workspaces.municipalities VALUES (724, '50689', 'SAN MARTÍN', 20);
INSERT INTO workspaces.municipalities VALUES (725, '50711', 'VISTAHERMOSA', 20);
INSERT INTO workspaces.municipalities VALUES (726, '52001', 'PASTO', 21);
INSERT INTO workspaces.municipalities VALUES (727, '52019', 'ALBÁN', 21);
INSERT INTO workspaces.municipalities VALUES (728, '52022', 'ALDANA', 21);
INSERT INTO workspaces.municipalities VALUES (729, '52036', 'ANCUYA', 21);
INSERT INTO workspaces.municipalities VALUES (730, '52051', 'ARBOLEDA', 21);
INSERT INTO workspaces.municipalities VALUES (731, '52079', 'BARBACOAS', 21);
INSERT INTO workspaces.municipalities VALUES (732, '52083', 'BELÉN', 21);
INSERT INTO workspaces.municipalities VALUES (733, '52110', 'BUESACO', 21);
INSERT INTO workspaces.municipalities VALUES (734, '52203', 'COLÓN', 21);
INSERT INTO workspaces.municipalities VALUES (735, '52207', 'CONSACÁ', 21);
INSERT INTO workspaces.municipalities VALUES (736, '52210', 'CONTADERO', 21);
INSERT INTO workspaces.municipalities VALUES (737, '52215', 'CÓRDOBA', 21);
INSERT INTO workspaces.municipalities VALUES (738, '52224', 'CUASPUD CARLOSAMA', 21);
INSERT INTO workspaces.municipalities VALUES (739, '52227', 'CUMBAL', 21);
INSERT INTO workspaces.municipalities VALUES (740, '52233', 'CUMBITARA', 21);
INSERT INTO workspaces.municipalities VALUES (741, '52240', 'CHACHAGÜÍ', 21);
INSERT INTO workspaces.municipalities VALUES (742, '52250', 'EL CHARCO', 21);
INSERT INTO workspaces.municipalities VALUES (743, '52254', 'EL PEÑOL', 21);
INSERT INTO workspaces.municipalities VALUES (744, '52256', 'EL ROSARIO', 21);
INSERT INTO workspaces.municipalities VALUES (745, '52258', 'EL TABLÓN DE GÓMEZ', 21);
INSERT INTO workspaces.municipalities VALUES (746, '52260', 'EL TAMBO', 21);
INSERT INTO workspaces.municipalities VALUES (747, '52287', 'FUNES', 21);
INSERT INTO workspaces.municipalities VALUES (748, '52317', 'GUACHUCAL', 21);
INSERT INTO workspaces.municipalities VALUES (749, '52320', 'GUAITARILLA', 21);
INSERT INTO workspaces.municipalities VALUES (750, '52323', 'GUALMATÁN', 21);
INSERT INTO workspaces.municipalities VALUES (751, '52352', 'ILES', 21);
INSERT INTO workspaces.municipalities VALUES (752, '52354', 'IMUÉS', 21);
INSERT INTO workspaces.municipalities VALUES (753, '52356', 'IPIALES', 21);
INSERT INTO workspaces.municipalities VALUES (754, '52378', 'LA CRUZ', 21);
INSERT INTO workspaces.municipalities VALUES (755, '52381', 'LA FLORIDA', 21);
INSERT INTO workspaces.municipalities VALUES (756, '52385', 'LA LLANADA', 21);
INSERT INTO workspaces.municipalities VALUES (757, '52390', 'LA TOLA', 21);
INSERT INTO workspaces.municipalities VALUES (758, '52399', 'LA UNIÓN', 21);
INSERT INTO workspaces.municipalities VALUES (759, '52405', 'LEIVA', 21);
INSERT INTO workspaces.municipalities VALUES (760, '52411', 'LINARES', 21);
INSERT INTO workspaces.municipalities VALUES (761, '52418', 'LOS ANDES', 21);
INSERT INTO workspaces.municipalities VALUES (762, '52427', 'MAGÜÍ', 21);
INSERT INTO workspaces.municipalities VALUES (763, '52435', 'MALLAMA', 21);
INSERT INTO workspaces.municipalities VALUES (764, '52473', 'MOSQUERA', 21);
INSERT INTO workspaces.municipalities VALUES (765, '52480', 'NARIÑO', 21);
INSERT INTO workspaces.municipalities VALUES (766, '52490', 'OLAYA HERRERA', 21);
INSERT INTO workspaces.municipalities VALUES (767, '52506', 'OSPINA', 21);
INSERT INTO workspaces.municipalities VALUES (768, '52520', 'FRANCISCO PIZARRO', 21);
INSERT INTO workspaces.municipalities VALUES (769, '52540', 'POLICARPA', 21);
INSERT INTO workspaces.municipalities VALUES (770, '52560', 'POTOSÍ', 21);
INSERT INTO workspaces.municipalities VALUES (771, '52565', 'PROVIDENCIA', 21);
INSERT INTO workspaces.municipalities VALUES (772, '52573', 'PUERRES', 21);
INSERT INTO workspaces.municipalities VALUES (773, '52585', 'PUPIALES', 21);
INSERT INTO workspaces.municipalities VALUES (774, '52612', 'RICAURTE', 21);
INSERT INTO workspaces.municipalities VALUES (775, '52621', 'ROBERTO PAYÁN', 21);
INSERT INTO workspaces.municipalities VALUES (776, '52678', 'SAMANIEGO', 21);
INSERT INTO workspaces.municipalities VALUES (777, '52683', 'SANDONÁ', 21);
INSERT INTO workspaces.municipalities VALUES (778, '52685', 'SAN BERNARDO', 21);
INSERT INTO workspaces.municipalities VALUES (779, '52687', 'SAN LORENZO', 21);
INSERT INTO workspaces.municipalities VALUES (780, '52693', 'SAN PABLO', 21);
INSERT INTO workspaces.municipalities VALUES (781, '52694', 'SAN PEDRO DE CARTAGO', 21);
INSERT INTO workspaces.municipalities VALUES (782, '52696', 'SANTA BÁRBARA', 21);
INSERT INTO workspaces.municipalities VALUES (783, '52699', 'SANTACRUZ', 21);
INSERT INTO workspaces.municipalities VALUES (784, '52720', 'SAPUYES', 21);
INSERT INTO workspaces.municipalities VALUES (785, '52786', 'TAMINANGO', 21);
INSERT INTO workspaces.municipalities VALUES (786, '52788', 'TANGUA', 21);
INSERT INTO workspaces.municipalities VALUES (787, '52835', 'SAN ANDRÉS DE TUMACO', 21);
INSERT INTO workspaces.municipalities VALUES (788, '52838', 'TÚQUERRES', 21);
INSERT INTO workspaces.municipalities VALUES (789, '52885', 'YACUANQUER', 21);
INSERT INTO workspaces.municipalities VALUES (790, '54001', 'SAN JOSÉ DE CÚCUTA', 22);
INSERT INTO workspaces.municipalities VALUES (791, '54003', 'ÁBREGO', 22);
INSERT INTO workspaces.municipalities VALUES (792, '54051', 'ARBOLEDAS', 22);
INSERT INTO workspaces.municipalities VALUES (793, '54099', 'BOCHALEMA', 22);
INSERT INTO workspaces.municipalities VALUES (794, '54109', 'BUCARASICA', 22);
INSERT INTO workspaces.municipalities VALUES (795, '54125', 'CÁCOTA', 22);
INSERT INTO workspaces.municipalities VALUES (796, '54128', 'CÁCHIRA', 22);
INSERT INTO workspaces.municipalities VALUES (797, '54172', 'CHINÁCOTA', 22);
INSERT INTO workspaces.municipalities VALUES (798, '54174', 'CHITAGÁ', 22);
INSERT INTO workspaces.municipalities VALUES (799, '54206', 'CONVENCIÓN', 22);
INSERT INTO workspaces.municipalities VALUES (800, '54223', 'CUCUTILLA', 22);
INSERT INTO workspaces.municipalities VALUES (801, '54239', 'DURANIA', 22);
INSERT INTO workspaces.municipalities VALUES (802, '54245', 'EL CARMEN', 22);
INSERT INTO workspaces.municipalities VALUES (803, '54250', 'EL TARRA', 22);
INSERT INTO workspaces.municipalities VALUES (804, '54261', 'EL ZULIA', 22);
INSERT INTO workspaces.municipalities VALUES (805, '54313', 'GRAMALOTE', 22);
INSERT INTO workspaces.municipalities VALUES (806, '54344', 'HACARÍ', 22);
INSERT INTO workspaces.municipalities VALUES (807, '54347', 'HERRÁN', 22);
INSERT INTO workspaces.municipalities VALUES (808, '54377', 'LABATECA', 22);
INSERT INTO workspaces.municipalities VALUES (809, '54385', 'LA ESPERANZA', 22);
INSERT INTO workspaces.municipalities VALUES (810, '54398', 'LA PLAYA', 22);
INSERT INTO workspaces.municipalities VALUES (811, '54405', 'LOS PATIOS', 22);
INSERT INTO workspaces.municipalities VALUES (812, '54418', 'LOURDES', 22);
INSERT INTO workspaces.municipalities VALUES (813, '54480', 'MUTISCUA', 22);
INSERT INTO workspaces.municipalities VALUES (814, '54498', 'OCAÑA', 22);
INSERT INTO workspaces.municipalities VALUES (815, '54518', 'PAMPLONA', 22);
INSERT INTO workspaces.municipalities VALUES (816, '54520', 'PAMPLONITA', 22);
INSERT INTO workspaces.municipalities VALUES (817, '54553', 'PUERTO SANTANDER', 22);
INSERT INTO workspaces.municipalities VALUES (818, '54599', 'RAGONVALIA', 22);
INSERT INTO workspaces.municipalities VALUES (819, '54660', 'SALAZAR', 22);
INSERT INTO workspaces.municipalities VALUES (820, '54670', 'SAN CALIXTO', 22);
INSERT INTO workspaces.municipalities VALUES (821, '54673', 'SAN CAYETANO', 22);
INSERT INTO workspaces.municipalities VALUES (822, '54680', 'SANTIAGO', 22);
INSERT INTO workspaces.municipalities VALUES (823, '54720', 'SARDINATA', 22);
INSERT INTO workspaces.municipalities VALUES (824, '54743', 'SILOS', 22);
INSERT INTO workspaces.municipalities VALUES (825, '54800', 'TEORAMA', 22);
INSERT INTO workspaces.municipalities VALUES (826, '54810', 'TIBÚ', 22);
INSERT INTO workspaces.municipalities VALUES (827, '54820', 'TOLEDO', 22);
INSERT INTO workspaces.municipalities VALUES (828, '54871', 'VILLA CARO', 22);
INSERT INTO workspaces.municipalities VALUES (829, '54874', 'VILLA DEL ROSARIO', 22);
INSERT INTO workspaces.municipalities VALUES (830, '63001', 'ARMENIA', 23);
INSERT INTO workspaces.municipalities VALUES (831, '63111', 'BUENAVISTA', 23);
INSERT INTO workspaces.municipalities VALUES (832, '63130', 'CALARCÁ', 23);
INSERT INTO workspaces.municipalities VALUES (833, '63190', 'CIRCASIA', 23);
INSERT INTO workspaces.municipalities VALUES (834, '63212', 'CÓRDOBA', 23);
INSERT INTO workspaces.municipalities VALUES (835, '63272', 'FILANDIA', 23);
INSERT INTO workspaces.municipalities VALUES (836, '63302', 'GÉNOVA', 23);
INSERT INTO workspaces.municipalities VALUES (837, '63401', 'LA TEBAIDA', 23);
INSERT INTO workspaces.municipalities VALUES (838, '63470', 'MONTENEGRO', 23);
INSERT INTO workspaces.municipalities VALUES (839, '63548', 'PIJAO', 23);
INSERT INTO workspaces.municipalities VALUES (840, '63594', 'QUIMBAYA', 23);
INSERT INTO workspaces.municipalities VALUES (841, '63690', 'SALENTO', 23);
INSERT INTO workspaces.municipalities VALUES (842, '66001', 'PEREIRA', 24);
INSERT INTO workspaces.municipalities VALUES (843, '66045', 'APÍA', 24);
INSERT INTO workspaces.municipalities VALUES (844, '66075', 'BALBOA', 24);
INSERT INTO workspaces.municipalities VALUES (845, '66088', 'BELÉN DE UMBRÍA', 24);
INSERT INTO workspaces.municipalities VALUES (846, '66170', 'DOSQUEBRADAS', 24);
INSERT INTO workspaces.municipalities VALUES (847, '66318', 'GUÁTICA', 24);
INSERT INTO workspaces.municipalities VALUES (848, '66383', 'LA CELIA', 24);
INSERT INTO workspaces.municipalities VALUES (849, '66400', 'LA VIRGINIA', 24);
INSERT INTO workspaces.municipalities VALUES (850, '66440', 'MARSELLA', 24);
INSERT INTO workspaces.municipalities VALUES (851, '66456', 'MISTRATÓ', 24);
INSERT INTO workspaces.municipalities VALUES (852, '66572', 'PUEBLO RICO', 24);
INSERT INTO workspaces.municipalities VALUES (853, '66594', 'QUINCHÍA', 24);
INSERT INTO workspaces.municipalities VALUES (854, '66682', 'SANTA ROSA DE CABAL', 24);
INSERT INTO workspaces.municipalities VALUES (855, '66687', 'SANTUARIO', 24);
INSERT INTO workspaces.municipalities VALUES (856, '68001', 'BUCARAMANGA', 25);
INSERT INTO workspaces.municipalities VALUES (857, '68013', 'AGUADA', 25);
INSERT INTO workspaces.municipalities VALUES (858, '68020', 'ALBANIA', 25);
INSERT INTO workspaces.municipalities VALUES (859, '68051', 'ARATOCA', 25);
INSERT INTO workspaces.municipalities VALUES (860, '68077', 'BARBOSA', 25);
INSERT INTO workspaces.municipalities VALUES (861, '68079', 'BARICHARA', 25);
INSERT INTO workspaces.municipalities VALUES (862, '68081', 'BARRANCABERMEJA', 25);
INSERT INTO workspaces.municipalities VALUES (863, '68092', 'BETULIA', 25);
INSERT INTO workspaces.municipalities VALUES (864, '68101', 'BOLÍVAR', 25);
INSERT INTO workspaces.municipalities VALUES (865, '68121', 'CABRERA', 25);
INSERT INTO workspaces.municipalities VALUES (866, '68132', 'CALIFORNIA', 25);
INSERT INTO workspaces.municipalities VALUES (867, '68147', 'CAPITANEJO', 25);
INSERT INTO workspaces.municipalities VALUES (868, '68152', 'CARCASÍ', 25);
INSERT INTO workspaces.municipalities VALUES (869, '68160', 'CEPITÁ', 25);
INSERT INTO workspaces.municipalities VALUES (870, '68162', 'CERRITO', 25);
INSERT INTO workspaces.municipalities VALUES (871, '68167', 'CHARALÁ', 25);
INSERT INTO workspaces.municipalities VALUES (872, '68169', 'CHARTA', 25);
INSERT INTO workspaces.municipalities VALUES (873, '68176', 'CHIMA', 25);
INSERT INTO workspaces.municipalities VALUES (874, '68179', 'CHIPATÁ', 25);
INSERT INTO workspaces.municipalities VALUES (875, '68190', 'CIMITARRA', 25);
INSERT INTO workspaces.municipalities VALUES (876, '68207', 'CONCEPCIÓN', 25);
INSERT INTO workspaces.municipalities VALUES (877, '68209', 'CONFINES', 25);
INSERT INTO workspaces.municipalities VALUES (878, '68211', 'CONTRATACIÓN', 25);
INSERT INTO workspaces.municipalities VALUES (879, '68217', 'COROMORO', 25);
INSERT INTO workspaces.municipalities VALUES (880, '68229', 'CURITÍ', 25);
INSERT INTO workspaces.municipalities VALUES (881, '68235', 'EL CARMEN DE CHUCURI', 25);
INSERT INTO workspaces.municipalities VALUES (882, '68245', 'EL GUACAMAYO', 25);
INSERT INTO workspaces.municipalities VALUES (883, '68250', 'EL PEÑÓN', 25);
INSERT INTO workspaces.municipalities VALUES (884, '68255', 'EL PLAYÓN', 25);
INSERT INTO workspaces.municipalities VALUES (885, '68264', 'ENCINO', 25);
INSERT INTO workspaces.municipalities VALUES (886, '68266', 'ENCISO', 25);
INSERT INTO workspaces.municipalities VALUES (887, '68271', 'FLORIÁN', 25);
INSERT INTO workspaces.municipalities VALUES (888, '68276', 'FLORIDABLANCA', 25);
INSERT INTO workspaces.municipalities VALUES (889, '68296', 'GALÁN', 25);
INSERT INTO workspaces.municipalities VALUES (890, '68298', 'GÁMBITA', 25);
INSERT INTO workspaces.municipalities VALUES (891, '68307', 'GIRÓN', 25);
INSERT INTO workspaces.municipalities VALUES (892, '68318', 'GUACA', 25);
INSERT INTO workspaces.municipalities VALUES (893, '68320', 'GUADALUPE', 25);
INSERT INTO workspaces.municipalities VALUES (894, '68322', 'GUAPOTÁ', 25);
INSERT INTO workspaces.municipalities VALUES (895, '68324', 'GUAVATÁ', 25);
INSERT INTO workspaces.municipalities VALUES (896, '68327', 'GÜEPSA', 25);
INSERT INTO workspaces.municipalities VALUES (897, '68344', 'HATO', 25);
INSERT INTO workspaces.municipalities VALUES (898, '68368', 'JESÚS MARÍA', 25);
INSERT INTO workspaces.municipalities VALUES (899, '68370', 'JORDÁN', 25);
INSERT INTO workspaces.municipalities VALUES (900, '68377', 'LA BELLEZA', 25);
INSERT INTO workspaces.municipalities VALUES (901, '68385', 'LANDÁZURI', 25);
INSERT INTO workspaces.municipalities VALUES (902, '68397', 'LA PAZ', 25);
INSERT INTO workspaces.municipalities VALUES (903, '68406', 'LEBRIJA', 25);
INSERT INTO workspaces.municipalities VALUES (904, '68418', 'LOS SANTOS', 25);
INSERT INTO workspaces.municipalities VALUES (905, '68425', 'MACARAVITA', 25);
INSERT INTO workspaces.municipalities VALUES (906, '68432', 'MÁLAGA', 25);
INSERT INTO workspaces.municipalities VALUES (907, '68444', 'MATANZA', 25);
INSERT INTO workspaces.municipalities VALUES (908, '68464', 'MOGOTES', 25);
INSERT INTO workspaces.municipalities VALUES (909, '68468', 'MOLAGAVITA', 25);
INSERT INTO workspaces.municipalities VALUES (910, '68498', 'OCAMONTE', 25);
INSERT INTO workspaces.municipalities VALUES (911, '68500', 'OIBA', 25);
INSERT INTO workspaces.municipalities VALUES (912, '68502', 'ONZAGA', 25);
INSERT INTO workspaces.municipalities VALUES (913, '68522', 'PALMAR', 25);
INSERT INTO workspaces.municipalities VALUES (914, '68524', 'PALMAS DEL SOCORRO', 25);
INSERT INTO workspaces.municipalities VALUES (915, '68533', 'PÁRAMO', 25);
INSERT INTO workspaces.municipalities VALUES (916, '68547', 'PIEDECUESTA', 25);
INSERT INTO workspaces.municipalities VALUES (917, '68549', 'PINCHOTE', 25);
INSERT INTO workspaces.municipalities VALUES (918, '68572', 'PUENTE NACIONAL', 25);
INSERT INTO workspaces.municipalities VALUES (919, '68573', 'PUERTO PARRA', 25);
INSERT INTO workspaces.municipalities VALUES (920, '68575', 'PUERTO WILCHES', 25);
INSERT INTO workspaces.municipalities VALUES (921, '68615', 'RIONEGRO', 25);
INSERT INTO workspaces.municipalities VALUES (922, '68655', 'SABANA DE TORRES', 25);
INSERT INTO workspaces.municipalities VALUES (923, '68669', 'SAN ANDRÉS', 25);
INSERT INTO workspaces.municipalities VALUES (924, '68673', 'SAN BENITO', 25);
INSERT INTO workspaces.municipalities VALUES (925, '68679', 'SAN GIL', 25);
INSERT INTO workspaces.municipalities VALUES (926, '68682', 'SAN JOAQUÍN', 25);
INSERT INTO workspaces.municipalities VALUES (927, '68684', 'SAN JOSÉ DE MIRANDA', 25);
INSERT INTO workspaces.municipalities VALUES (928, '68686', 'SAN MIGUEL', 25);
INSERT INTO workspaces.municipalities VALUES (929, '68689', 'SAN VICENTE DE CHUCURÍ', 25);
INSERT INTO workspaces.municipalities VALUES (930, '68705', 'SANTA BÁRBARA', 25);
INSERT INTO workspaces.municipalities VALUES (931, '68720', 'SANTA HELENA DEL OPÓN', 25);
INSERT INTO workspaces.municipalities VALUES (932, '68745', 'SIMACOTA', 25);
INSERT INTO workspaces.municipalities VALUES (933, '68755', 'SOCORRO', 25);
INSERT INTO workspaces.municipalities VALUES (934, '68770', 'SUAITA', 25);
INSERT INTO workspaces.municipalities VALUES (935, '68773', 'SUCRE', 25);
INSERT INTO workspaces.municipalities VALUES (936, '68780', 'SURATÁ', 25);
INSERT INTO workspaces.municipalities VALUES (937, '68820', 'TONA', 25);
INSERT INTO workspaces.municipalities VALUES (938, '68855', 'VALLE DE SAN JOSÉ', 25);
INSERT INTO workspaces.municipalities VALUES (939, '68861', 'VÉLEZ', 25);
INSERT INTO workspaces.municipalities VALUES (940, '68867', 'VETAS', 25);
INSERT INTO workspaces.municipalities VALUES (941, '68872', 'VILLANUEVA', 25);
INSERT INTO workspaces.municipalities VALUES (942, '68895', 'ZAPATOCA', 25);
INSERT INTO workspaces.municipalities VALUES (943, '70001', 'SINCELEJO', 26);
INSERT INTO workspaces.municipalities VALUES (944, '70110', 'BUENAVISTA', 26);
INSERT INTO workspaces.municipalities VALUES (945, '70124', 'CAIMITO', 26);
INSERT INTO workspaces.municipalities VALUES (946, '70204', 'COLOSÓ', 26);
INSERT INTO workspaces.municipalities VALUES (947, '70215', 'COROZAL', 26);
INSERT INTO workspaces.municipalities VALUES (948, '70221', 'COVEÑAS', 26);
INSERT INTO workspaces.municipalities VALUES (949, '70230', 'CHALÁN', 26);
INSERT INTO workspaces.municipalities VALUES (950, '70233', 'EL ROBLE', 26);
INSERT INTO workspaces.municipalities VALUES (951, '70235', 'GALERAS', 26);
INSERT INTO workspaces.municipalities VALUES (952, '70265', 'GUARANDA', 26);
INSERT INTO workspaces.municipalities VALUES (953, '70400', 'LA UNIÓN', 26);
INSERT INTO workspaces.municipalities VALUES (954, '70418', 'LOS PALMITOS', 26);
INSERT INTO workspaces.municipalities VALUES (955, '70429', 'MAJAGUAL', 26);
INSERT INTO workspaces.municipalities VALUES (956, '70473', 'MORROA', 26);
INSERT INTO workspaces.municipalities VALUES (957, '70508', 'OVEJAS', 26);
INSERT INTO workspaces.municipalities VALUES (958, '70523', 'PALMITO', 26);
INSERT INTO workspaces.municipalities VALUES (959, '70670', 'SAMPUÉS', 26);
INSERT INTO workspaces.municipalities VALUES (960, '70678', 'SAN BENITO ABAD', 26);
INSERT INTO workspaces.municipalities VALUES (961, '70702', 'SAN JUAN DE BETULIA', 26);
INSERT INTO workspaces.municipalities VALUES (962, '70708', 'SAN MARCOS', 26);
INSERT INTO workspaces.municipalities VALUES (963, '70713', 'SAN ONOFRE', 26);
INSERT INTO workspaces.municipalities VALUES (964, '70717', 'SAN PEDRO', 26);
INSERT INTO workspaces.municipalities VALUES (965, '70742', 'SAN LUIS DE SINCÉ', 26);
INSERT INTO workspaces.municipalities VALUES (966, '70771', 'SUCRE', 26);
INSERT INTO workspaces.municipalities VALUES (967, '70820', 'SANTIAGO DE TOLÚ', 26);
INSERT INTO workspaces.municipalities VALUES (968, '70823', 'SAN JOSÉ DE TOLUVIEJO', 26);
INSERT INTO workspaces.municipalities VALUES (969, '73001', 'IBAGUÉ', 27);
INSERT INTO workspaces.municipalities VALUES (970, '73024', 'ALPUJARRA', 27);
INSERT INTO workspaces.municipalities VALUES (971, '73026', 'ALVARADO', 27);
INSERT INTO workspaces.municipalities VALUES (972, '73030', 'AMBALEMA', 27);
INSERT INTO workspaces.municipalities VALUES (973, '73043', 'ANZOÁTEGUI', 27);
INSERT INTO workspaces.municipalities VALUES (974, '73055', 'ARMERO', 27);
INSERT INTO workspaces.municipalities VALUES (975, '73067', 'ATACO', 27);
INSERT INTO workspaces.municipalities VALUES (976, '73124', 'CAJAMARCA', 27);
INSERT INTO workspaces.municipalities VALUES (977, '73148', 'CARMEN DE APICALÁ', 27);
INSERT INTO workspaces.municipalities VALUES (978, '73152', 'CASABIANCA', 27);
INSERT INTO workspaces.municipalities VALUES (979, '73168', 'CHAPARRAL', 27);
INSERT INTO workspaces.municipalities VALUES (980, '73200', 'COELLO', 27);
INSERT INTO workspaces.municipalities VALUES (981, '73217', 'COYAIMA', 27);
INSERT INTO workspaces.municipalities VALUES (982, '73226', 'CUNDAY', 27);
INSERT INTO workspaces.municipalities VALUES (983, '73236', 'DOLORES', 27);
INSERT INTO workspaces.municipalities VALUES (984, '73268', 'ESPINAL', 27);
INSERT INTO workspaces.municipalities VALUES (985, '73270', 'FALAN', 27);
INSERT INTO workspaces.municipalities VALUES (986, '73275', 'FLANDES', 27);
INSERT INTO workspaces.municipalities VALUES (987, '73283', 'FRESNO', 27);
INSERT INTO workspaces.municipalities VALUES (988, '73319', 'GUAMO', 27);
INSERT INTO workspaces.municipalities VALUES (989, '73347', 'HERVEO', 27);
INSERT INTO workspaces.municipalities VALUES (990, '73349', 'HONDA', 27);
INSERT INTO workspaces.municipalities VALUES (991, '73352', 'ICONONZO', 27);
INSERT INTO workspaces.municipalities VALUES (992, '73408', 'LÉRIDA', 27);
INSERT INTO workspaces.municipalities VALUES (993, '73411', 'LÍBANO', 27);
INSERT INTO workspaces.municipalities VALUES (994, '73443', 'SAN SEBASTIÁN DE MARIQUITA', 27);
INSERT INTO workspaces.municipalities VALUES (995, '73449', 'MELGAR', 27);
INSERT INTO workspaces.municipalities VALUES (996, '73461', 'MURILLO', 27);
INSERT INTO workspaces.municipalities VALUES (997, '73483', 'NATAGAIMA', 27);
INSERT INTO workspaces.municipalities VALUES (998, '73504', 'ORTEGA', 27);
INSERT INTO workspaces.municipalities VALUES (999, '73520', 'PALOCABILDO', 27);
INSERT INTO workspaces.municipalities VALUES (1000, '73547', 'PIEDRAS', 27);
INSERT INTO workspaces.municipalities VALUES (1001, '73555', 'PLANADAS', 27);
INSERT INTO workspaces.municipalities VALUES (1002, '73563', 'PRADO', 27);
INSERT INTO workspaces.municipalities VALUES (1003, '73585', 'PURIFICACIÓN', 27);
INSERT INTO workspaces.municipalities VALUES (1004, '73616', 'RIOBLANCO', 27);
INSERT INTO workspaces.municipalities VALUES (1005, '73622', 'RONCESVALLES', 27);
INSERT INTO workspaces.municipalities VALUES (1006, '73624', 'ROVIRA', 27);
INSERT INTO workspaces.municipalities VALUES (1007, '73671', 'SALDAÑA', 27);
INSERT INTO workspaces.municipalities VALUES (1008, '73675', 'SAN ANTONIO', 27);
INSERT INTO workspaces.municipalities VALUES (1009, '73678', 'SAN LUIS', 27);
INSERT INTO workspaces.municipalities VALUES (1010, '73686', 'SANTA ISABEL', 27);
INSERT INTO workspaces.municipalities VALUES (1011, '73770', 'SUÁREZ', 27);
INSERT INTO workspaces.municipalities VALUES (1012, '73854', 'VALLE DE SAN JUAN', 27);
INSERT INTO workspaces.municipalities VALUES (1013, '73861', 'VENADILLO', 27);
INSERT INTO workspaces.municipalities VALUES (1014, '73870', 'VILLAHERMOSA', 27);
INSERT INTO workspaces.municipalities VALUES (1015, '73873', 'VILLARRICA', 27);
INSERT INTO workspaces.municipalities VALUES (1016, '76001', 'CALI', 28);
INSERT INTO workspaces.municipalities VALUES (1017, '76020', 'ALCALÁ', 28);
INSERT INTO workspaces.municipalities VALUES (1018, '76036', 'ANDALUCÍA', 28);
INSERT INTO workspaces.municipalities VALUES (1019, '76041', 'ANSERMANUEVO', 28);
INSERT INTO workspaces.municipalities VALUES (1020, '76054', 'ARGELIA', 28);
INSERT INTO workspaces.municipalities VALUES (1021, '76100', 'BOLÍVAR', 28);
INSERT INTO workspaces.municipalities VALUES (1022, '76109', 'BUENAVENTURA', 28);
INSERT INTO workspaces.municipalities VALUES (1023, '76111', 'GUADALAJARA DE BUGA', 28);
INSERT INTO workspaces.municipalities VALUES (1024, '76113', 'BUGALAGRANDE', 28);
INSERT INTO workspaces.municipalities VALUES (1025, '76122', 'CAICEDONIA', 28);
INSERT INTO workspaces.municipalities VALUES (1026, '76126', 'CALIMA', 28);
INSERT INTO workspaces.municipalities VALUES (1027, '76130', 'CANDELARIA', 28);
INSERT INTO workspaces.municipalities VALUES (1028, '76147', 'CARTAGO', 28);
INSERT INTO workspaces.municipalities VALUES (1029, '76233', 'DAGUA', 28);
INSERT INTO workspaces.municipalities VALUES (1030, '76243', 'EL ÁGUILA', 28);
INSERT INTO workspaces.municipalities VALUES (1031, '76246', 'EL CAIRO', 28);
INSERT INTO workspaces.municipalities VALUES (1032, '76248', 'EL CERRITO', 28);
INSERT INTO workspaces.municipalities VALUES (1033, '76250', 'EL DOVIO', 28);
INSERT INTO workspaces.municipalities VALUES (1034, '76275', 'FLORIDA', 28);
INSERT INTO workspaces.municipalities VALUES (1035, '76306', 'GINEBRA', 28);
INSERT INTO workspaces.municipalities VALUES (1036, '76318', 'GUACARÍ', 28);
INSERT INTO workspaces.municipalities VALUES (1037, '76364', 'JAMUNDÍ', 28);
INSERT INTO workspaces.municipalities VALUES (1038, '76377', 'LA CUMBRE', 28);
INSERT INTO workspaces.municipalities VALUES (1039, '76400', 'LA UNIÓN', 28);
INSERT INTO workspaces.municipalities VALUES (1040, '76403', 'LA VICTORIA', 28);
INSERT INTO workspaces.municipalities VALUES (1041, '76497', 'OBANDO', 28);
INSERT INTO workspaces.municipalities VALUES (1042, '76520', 'PALMIRA', 28);
INSERT INTO workspaces.municipalities VALUES (1043, '76563', 'PRADERA', 28);
INSERT INTO workspaces.municipalities VALUES (1044, '76606', 'RESTREPO', 28);
INSERT INTO workspaces.municipalities VALUES (1045, '76616', 'RIOFRÍO', 28);
INSERT INTO workspaces.municipalities VALUES (1046, '76622', 'ROLDANILLO', 28);
INSERT INTO workspaces.municipalities VALUES (1047, '76670', 'SAN PEDRO', 28);
INSERT INTO workspaces.municipalities VALUES (1048, '76736', 'SEVILLA', 28);
INSERT INTO workspaces.municipalities VALUES (1049, '76823', 'TORO', 28);
INSERT INTO workspaces.municipalities VALUES (1050, '76828', 'TRUJILLO', 28);
INSERT INTO workspaces.municipalities VALUES (1051, '76834', 'TULUÁ', 28);
INSERT INTO workspaces.municipalities VALUES (1052, '76845', 'ULLOA', 28);
INSERT INTO workspaces.municipalities VALUES (1053, '76863', 'VERSALLES', 28);
INSERT INTO workspaces.municipalities VALUES (1054, '76869', 'VIJES', 28);
INSERT INTO workspaces.municipalities VALUES (1055, '76890', 'YOTOCO', 28);
INSERT INTO workspaces.municipalities VALUES (1056, '76892', 'YUMBO', 28);
INSERT INTO workspaces.municipalities VALUES (1057, '76895', 'ZARZAL', 28);
INSERT INTO workspaces.municipalities VALUES (1058, '81001', 'ARAUCA', 29);
INSERT INTO workspaces.municipalities VALUES (1059, '81065', 'ARAUQUITA', 29);
INSERT INTO workspaces.municipalities VALUES (1060, '81220', 'CRAVO NORTE', 29);
INSERT INTO workspaces.municipalities VALUES (1061, '81300', 'FORTUL', 29);
INSERT INTO workspaces.municipalities VALUES (1062, '81591', 'PUERTO RONDÓN', 29);
INSERT INTO workspaces.municipalities VALUES (1063, '81736', 'SARAVENA', 29);
INSERT INTO workspaces.municipalities VALUES (1064, '81794', 'TAME', 29);
INSERT INTO workspaces.municipalities VALUES (1065, '85001', 'YOPAL', 30);
INSERT INTO workspaces.municipalities VALUES (1066, '85010', 'AGUAZUL', 30);
INSERT INTO workspaces.municipalities VALUES (1067, '85015', 'CHÁMEZA', 30);
INSERT INTO workspaces.municipalities VALUES (1068, '85125', 'HATO COROZAL', 30);
INSERT INTO workspaces.municipalities VALUES (1069, '85136', 'LA SALINA', 30);
INSERT INTO workspaces.municipalities VALUES (1070, '85139', 'MANÍ', 30);
INSERT INTO workspaces.municipalities VALUES (1071, '85162', 'MONTERREY', 30);
INSERT INTO workspaces.municipalities VALUES (1072, '85225', 'NUNCHÍA', 30);
INSERT INTO workspaces.municipalities VALUES (1073, '85230', 'OROCUÉ', 30);
INSERT INTO workspaces.municipalities VALUES (1074, '85250', 'PAZ DE ARIPORO', 30);
INSERT INTO workspaces.municipalities VALUES (1075, '85263', 'PORE', 30);
INSERT INTO workspaces.municipalities VALUES (1076, '85279', 'RECETOR', 30);
INSERT INTO workspaces.municipalities VALUES (1077, '85300', 'SABANALARGA', 30);
INSERT INTO workspaces.municipalities VALUES (1078, '85315', 'SÁCAMA', 30);
INSERT INTO workspaces.municipalities VALUES (1079, '85325', 'SAN LUIS DE PALENQUE', 30);
INSERT INTO workspaces.municipalities VALUES (1080, '85400', 'TÁMARA', 30);
INSERT INTO workspaces.municipalities VALUES (1081, '85410', 'TAURAMENA', 30);
INSERT INTO workspaces.municipalities VALUES (1082, '85430', 'TRINIDAD', 30);
INSERT INTO workspaces.municipalities VALUES (1083, '85440', 'VILLANUEVA', 30);
INSERT INTO workspaces.municipalities VALUES (1084, '86001', 'MOCOA', 31);
INSERT INTO workspaces.municipalities VALUES (1085, '86219', 'COLÓN', 31);
INSERT INTO workspaces.municipalities VALUES (1086, '86320', 'ORITO', 31);
INSERT INTO workspaces.municipalities VALUES (1087, '86568', 'PUERTO ASÍS', 31);
INSERT INTO workspaces.municipalities VALUES (1088, '86569', 'PUERTO CAICEDO', 31);
INSERT INTO workspaces.municipalities VALUES (1089, '86571', 'PUERTO GUZMÁN', 31);
INSERT INTO workspaces.municipalities VALUES (1090, '86573', 'PUERTO LEGUÍZAMO', 31);
INSERT INTO workspaces.municipalities VALUES (1091, '86749', 'SIBUNDOY', 31);
INSERT INTO workspaces.municipalities VALUES (1092, '86755', 'SAN FRANCISCO', 31);
INSERT INTO workspaces.municipalities VALUES (1093, '86757', 'SAN MIGUEL', 31);
INSERT INTO workspaces.municipalities VALUES (1094, '86760', 'SANTIAGO', 31);
INSERT INTO workspaces.municipalities VALUES (1095, '86865', 'VALLE DEL GUAMUEZ', 31);
INSERT INTO workspaces.municipalities VALUES (1096, '86885', 'VILLAGARZÓN', 31);
INSERT INTO workspaces.municipalities VALUES (1097, '88001', 'SAN ANDRÉS', 32);
INSERT INTO workspaces.municipalities VALUES (1098, '88564', 'PROVIDENCIA', 32);
INSERT INTO workspaces.municipalities VALUES (1099, '91001', 'LETICIA', 33);
INSERT INTO workspaces.municipalities VALUES (1100, '91263', 'EL ENCANTO', 33);
INSERT INTO workspaces.municipalities VALUES (1101, '91405', 'LA CHORRERA', 33);
INSERT INTO workspaces.municipalities VALUES (1102, '91407', 'LA PEDRERA', 33);
INSERT INTO workspaces.municipalities VALUES (1103, '91430', 'LA VICTORIA', 33);
INSERT INTO workspaces.municipalities VALUES (1104, '91460', 'MIRITÍ - PARANÁ', 33);
INSERT INTO workspaces.municipalities VALUES (1105, '91530', 'PUERTO ALEGRÍA', 33);
INSERT INTO workspaces.municipalities VALUES (1106, '91536', 'PUERTO ARICA', 33);
INSERT INTO workspaces.municipalities VALUES (1107, '91540', 'PUERTO NARIÑO', 33);
INSERT INTO workspaces.municipalities VALUES (1108, '91669', 'PUERTO SANTANDER', 33);
INSERT INTO workspaces.municipalities VALUES (1109, '91798', 'TARAPACÁ', 33);
INSERT INTO workspaces.municipalities VALUES (1110, '94001', 'INÍRIDA', 34);
INSERT INTO workspaces.municipalities VALUES (1111, '94343', 'BARRANCOMINAS', 34);
INSERT INTO workspaces.municipalities VALUES (1112, '94883', 'SAN FELIPE', 34);
INSERT INTO workspaces.municipalities VALUES (1113, '94884', 'PUERTO COLOMBIA', 34);
INSERT INTO workspaces.municipalities VALUES (1114, '94885', 'LA GUADALUPE', 34);
INSERT INTO workspaces.municipalities VALUES (1115, '94886', 'CACAHUAL', 34);
INSERT INTO workspaces.municipalities VALUES (1116, '94887', 'PANA PANA', 34);
INSERT INTO workspaces.municipalities VALUES (1117, '94888', 'MORICHAL', 34);
INSERT INTO workspaces.municipalities VALUES (1118, '95001', 'SAN JOSÉ DEL GUAVIARE', 35);
INSERT INTO workspaces.municipalities VALUES (1119, '95015', 'CALAMAR', 35);
INSERT INTO workspaces.municipalities VALUES (1120, '95025', 'EL RETORNO', 35);
INSERT INTO workspaces.municipalities VALUES (1121, '95200', 'MIRAFLORES', 35);
INSERT INTO workspaces.municipalities VALUES (1122, '97001', 'MITÚ', 36);
INSERT INTO workspaces.municipalities VALUES (1123, '97161', 'CARURÚ', 36);
INSERT INTO workspaces.municipalities VALUES (1124, '97511', 'PACOA', 36);
INSERT INTO workspaces.municipalities VALUES (1125, '97666', 'TARAIRA', 36);
INSERT INTO workspaces.municipalities VALUES (1126, '97777', 'PAPUNAHUA', 36);
INSERT INTO workspaces.municipalities VALUES (1127, '97889', 'YAVARATÉ', 36);
INSERT INTO workspaces.municipalities VALUES (1128, '99001', 'PUERTO CARREÑO', 37);
INSERT INTO workspaces.municipalities VALUES (1129, '99524', 'LA PRIMAVERA', 37);
INSERT INTO workspaces.municipalities VALUES (1130, '99624', 'SANTA ROSALÍA', 37);
INSERT INTO workspaces.municipalities VALUES (1131, '99773', 'CUMARIBO', 37);

SELECT pg_catalog.setval('workspaces.departments_id_seq', 38, true);
SELECT pg_catalog.setval('workspaces.integrations_histories_id_seq', 1, false);
SELECT pg_catalog.setval('workspaces.integrations_id_seq', 1, false);
SELECT pg_catalog.setval('workspaces.integrations_states_id_seq', 8, true);
SELECT pg_catalog.setval('workspaces.integrations_stats_id_seq', 1, false);
SELECT pg_catalog.setval('workspaces.municipalities_id_seq', 1131, true);
SELECT pg_catalog.setval('workspaces.workspace_managers_id_seq', 1, false);
SELECT pg_catalog.setval('workspaces.workspace_operators_id_seq', 1, false);
SELECT pg_catalog.setval('workspaces.workspaces_id_seq', 1, false);

ALTER TABLE ONLY workspaces.departments
    ADD CONSTRAINT departments_pkey PRIMARY KEY (id);

ALTER TABLE ONLY workspaces.integrations_histories
    ADD CONSTRAINT integrations_histories_pkey PRIMARY KEY (id);

ALTER TABLE ONLY workspaces.integrations
    ADD CONSTRAINT integrations_pkey PRIMARY KEY (id);

ALTER TABLE ONLY workspaces.integrations_states
    ADD CONSTRAINT integrations_states_pkey PRIMARY KEY (id);

ALTER TABLE ONLY workspaces.integrations_stats
    ADD CONSTRAINT integrations_stats_pkey PRIMARY KEY (id);

ALTER TABLE ONLY workspaces.municipalities
    ADD CONSTRAINT municipalities_pkey PRIMARY KEY (id);

ALTER TABLE ONLY workspaces.workspace_managers
    ADD CONSTRAINT workspace_managers_pkey PRIMARY KEY (id);

ALTER TABLE ONLY workspaces.workspace_operators
    ADD CONSTRAINT workspace_operators_pkey PRIMARY KEY (id);

ALTER TABLE ONLY workspaces.workspaces
    ADD CONSTRAINT workspaces_pkey PRIMARY KEY (id);

ALTER TABLE ONLY workspaces.integrations_histories
    ADD CONSTRAINT fk22lcf7sk847shkiqemx9mmheo FOREIGN KEY (integration_state_id) REFERENCES workspaces.integrations_states(id);

ALTER TABLE ONLY workspaces.workspace_managers
    ADD CONSTRAINT fk3v94oq02hsfq0rrm0nr8rkcxx FOREIGN KEY (workspace_id) REFERENCES workspaces.workspaces(id);

ALTER TABLE ONLY workspaces.integrations
    ADD CONSTRAINT fk9upl96ljkw91e5kgxptp2usfw FOREIGN KEY (integration_state_id) REFERENCES workspaces.integrations_states(id);

ALTER TABLE ONLY workspaces.workspaces
    ADD CONSTRAINT fkb8odxsgj7w7odd35pdm21v9ag FOREIGN KEY (workspace_id) REFERENCES workspaces.workspaces(id);

ALTER TABLE ONLY workspaces.integrations
    ADD CONSTRAINT fkbrb65h3gd37lif5f9nyvrtwuv FOREIGN KEY (workspace_id) REFERENCES workspaces.workspaces(id);

ALTER TABLE ONLY workspaces.municipalities
    ADD CONSTRAINT fkbv7fvmtec7tpmhxb6ojlhgm6m FOREIGN KEY (department_id) REFERENCES workspaces.departments(id);

ALTER TABLE ONLY workspaces.integrations_stats
    ADD CONSTRAINT fkfi59r439mkqwqa2aimpix6u7e FOREIGN KEY (integration_id) REFERENCES workspaces.integrations(id);

ALTER TABLE ONLY workspaces.workspace_operators
    ADD CONSTRAINT fkklakxhmuhmf6ekqu4m2g2r747 FOREIGN KEY (workspace_id) REFERENCES workspaces.workspaces(id);

ALTER TABLE ONLY workspaces.workspaces
    ADD CONSTRAINT fkmo4nentxq08qcfy4uwxh7v5ud FOREIGN KEY (municipality_id) REFERENCES workspaces.municipalities(id);

ALTER TABLE ONLY workspaces.integrations_histories
    ADD CONSTRAINT fktowme6te1tg8yup02jcyh38xo FOREIGN KEY (integration_id) REFERENCES workspaces.integrations(id);